imdb_id,name,role,title,type,url,year
tt0484500,Harvey Weinstein,actor,My Scene Goes Hollywood: The Movie,Film,http://www.imdb.com/title/tt0484500/,2005
tt0118577,Harvey Weinstein,actor,An Alan Smithee Film: Burn Hollywood Burn,Film,http://www.imdb.com/title/tt0118577/,1997
tt0271527,Harvey Weinstein,director,The Gnomes' Great Adventure,Film,http://www.imdb.com/title/tt0271527/,1987
tt0091767,Harvey Weinstein,director,Playing for Keeps,Film,http://www.imdb.com/title/tt0091767/,1986
tt6898730,Harvey Weinstein,producer,Fahrenheit 11/9filming,Film,http://www.imdb.com/title/tt6898730/,2018
tt5598292,Harvey Weinstein,producer,Polaroidcompleted,Film,http://www.imdb.com/title/tt5598292/,2018
tt2140507,Harvey Weinstein,producer,The Current War,Film,http://www.imdb.com/title/tt2140507/,2017
tt1987680,Harvey Weinstein,producer,The Upside,Film,http://www.imdb.com/title/tt1987680/,2017
tt7293240,Harvey Weinstein,producer,Chandra Levy: An American Murder Mystery,Film,http://www.imdb.com/title/tt7293240/,2017
tt0491203,Harvey Weinstein,producer,Tulip Fever,Film,http://www.imdb.com/title/tt0491203/,2017
tt1935897,Harvey Weinstein,producer,Amityville: The Awakening,Film,http://www.imdb.com/title/tt1935897/,2017
tt2932536,Harvey Weinstein,producer,47 Meters Down,Film,http://www.imdb.com/title/tt2932536/,2017
tt6760366,Harvey Weinstein,producer,Casey Anthony: An American Murder Mystery,Film,http://www.imdb.com/title/tt6760366/,2017
tt6133034,Harvey Weinstein,producer,TIME: The Kalief Browder StoryPart 2 - The IslandPart 1 - The System,Film,http://www.imdb.com/title/tt6133034/,2017
tt5362988,Harvey Weinstein,producer,Wind River,Film,http://www.imdb.com/title/tt5362988/,2017
tt5276910,Harvey Weinstein,producer,The Reaper,Film,http://www.imdb.com/title/tt5276910/,2016
tt1800302,Harvey Weinstein,producer,Gold,Film,http://www.imdb.com/title/tt1800302/,2016
tt4276820,Harvey Weinstein,producer,The Founder,Film,http://www.imdb.com/title/tt4276820/,2016
tt3741834,Harvey Weinstein,producer,Lion,Film,http://www.imdb.com/title/tt3741834/,2016
tt1655461,Harvey Weinstein,producer,Wild Oats,Film,http://www.imdb.com/title/tt1655461/,2016
tt2597892,Harvey Weinstein,producer,Viral,Film,http://www.imdb.com/title/tt2597892/,2016
tt1781827,Harvey Weinstein,producer,Hands of Stone,Film,http://www.imdb.com/title/tt1781827/,2016
tt2652118,Harvey Weinstein,producer,"Crouching Tiger, Hidden Dragon: Sword of Destiny",Film,http://www.imdb.com/title/tt2652118/,2016
tt3910804,Harvey Weinstein,producer,War & PeaceEpisode #1.6Episode #1.5Episode #1.4Episode #1.3Episode #1.2,Film,http://www.imdb.com/title/tt3910804/,2016
tt3544112,Harvey Weinstein,producer,Sing Street,Film,http://www.imdb.com/title/tt3544112/,2016
tt2140037,Harvey Weinstein,producer,Jane Got a Gun,Film,http://www.imdb.com/title/tt2140037/,2015
tt3460252,Harvey Weinstein,producer,The Hateful Eight,Film,http://www.imdb.com/title/tt3460252/,2015
tt2503944,Harvey Weinstein,producer,Burnt,Film,http://www.imdb.com/title/tt2503944/,2015
tt3319920,Harvey Weinstein,producer,Regression,Film,http://www.imdb.com/title/tt3319920/,2015
tt1798684,Harvey Weinstein,producer,Southpaw,Film,http://www.imdb.com/title/tt1798684/,2015
tt2884018,Harvey Weinstein,producer,Macbeth,Film,http://www.imdb.com/title/tt2884018/,2015
tt2402927,Harvey Weinstein,producer,Carol,Film,http://www.imdb.com/title/tt2402927/,2015
tt1841642,Harvey Weinstein,producer,Demonic,Film,http://www.imdb.com/title/tt1841642/,2015
tt2404425,Harvey Weinstein,producer,Woman in Gold,Film,http://www.imdb.com/title/tt2404425/,2015
tt3205394,Harvey Weinstein,producer,Roald Dahl's Esio Trot,Film,http://www.imdb.com/title/tt3205394/,2015
tt2346480,Harvey Weinstein,producer,Jennifer Lopez: Dance Again,Film,http://www.imdb.com/title/tt2346480/,2014
tt1109624,Harvey Weinstein,producer,Paddington,Film,http://www.imdb.com/title/tt1109624/,2014
tt1126590,Harvey Weinstein,producer,Big Eyes,Film,http://www.imdb.com/title/tt1126590/,2014
tt1780798,Harvey Weinstein,producer,Clown,Film,http://www.imdb.com/title/tt1780798/,2014
tt0900387,Harvey Weinstein,producer,Suite Française,Film,http://www.imdb.com/title/tt0900387/,2014
tt0458481,Harvey Weinstein,producer,Sin City: A Dame to Kill For,Film,http://www.imdb.com/title/tt0458481/,2014
tt0435651,Harvey Weinstein,producer,The Giver,Film,http://www.imdb.com/title/tt0435651/,2014
tt1686821,Harvey Weinstein,producer,Vampire Academy,Film,http://www.imdb.com/title/tt1686821/,2014
tt1322269,Harvey Weinstein,producer,August: Osage County,Film,http://www.imdb.com/title/tt1322269/,2013
tt1196956,Harvey Weinstein,producer,One Chance,Film,http://www.imdb.com/title/tt1196956/,2013
tt2463512,Harvey Weinstein,producer,Hateship Loveship,Film,http://www.imdb.com/title/tt2463512/,2013
tt2304771,Harvey Weinstein,producer,Mandela: Long Walk to Freedom,Film,http://www.imdb.com/title/tt2304771/,2013
tt1327773,Harvey Weinstein,producer,The Butler,Film,http://www.imdb.com/title/tt1327773/,2013
tt1634003,Harvey Weinstein,producer,Underdogs,Film,http://www.imdb.com/title/tt1634003/,2013
tt0485061,Harvey Weinstein,producer,U Want Me 2 Kill Him?,Film,http://www.imdb.com/title/tt0485061/,2013
tt0795461,Harvey Weinstein,producer,Scary Movie 5,Film,http://www.imdb.com/title/tt0795461/,2013
tt2387433,Harvey Weinstein,producer,Dark Skies,Film,http://www.imdb.com/title/tt2387433/,2013
tt0765446,Harvey Weinstein,producer,Escape from Planet Earth,Film,http://www.imdb.com/title/tt0765446/,2013
tt2388637,Harvey Weinstein,producer,Ain't Them Bodies Saints,Film,http://www.imdb.com/title/tt2388637/,2013
tt2334649,Harvey Weinstein,producer,Fruitvale Station,Film,http://www.imdb.com/title/tt2334649/,2013
tt2578448,Harvey Weinstein,producer,12-12-12: The Concert for Sandy Relief,Film,http://www.imdb.com/title/tt2578448/,2012
tt1853728,Harvey Weinstein,producer,Django Unchained,Film,http://www.imdb.com/title/tt1853728/,2012
tt2095605,Harvey Weinstein,producer,Seal Team Six: The Raid on Osama Bin Laden,Film,http://www.imdb.com/title/tt2095605/,2012
tt1047011,Harvey Weinstein,producer,Unfinished Song,Film,http://www.imdb.com/title/tt1047011/,2012
tt1780762,Harvey Weinstein,producer,Aftershock,Film,http://www.imdb.com/title/tt1780762/,2012
tt1045658,Harvey Weinstein,producer,Silver Linings Playbook,Film,http://www.imdb.com/title/tt1045658/,2012
tt1673697,Harvey Weinstein,producer,The Sapphires,Film,http://www.imdb.com/title/tt1673697/,2012
tt1714203,Harvey Weinstein,producer,Piranha 3DD,Film,http://www.imdb.com/title/tt1714203/,2012
tt1655420,Harvey Weinstein,producer,My Week with Marilyn,Film,http://www.imdb.com/title/tt1655420/,2011
tt1742650,Harvey Weinstein,producer,I Don't Know How She Does It,Film,http://www.imdb.com/title/tt1742650/,2011
tt1349451,Harvey Weinstein,producer,Butter,Film,http://www.imdb.com/title/tt1349451/,2011
tt1772240,Harvey Weinstein,producer,Apollo 18,Film,http://www.imdb.com/title/tt1772240/,2011
tt1536048,Harvey Weinstein,producer,W.E.,Film,http://www.imdb.com/title/tt1536048/,2011
tt1517489,Harvey Weinstein,producer,Spy Kids: All the Time in the World in 4D,Film,http://www.imdb.com/title/tt1517489/,2011
tt0844993,Harvey Weinstein,producer,Hoodwinked Too! Hood vs. Evil,Film,http://www.imdb.com/title/tt0844993/,2011
tt1262416,Harvey Weinstein,producer,Scream 4,Film,http://www.imdb.com/title/tt1262416/,2011
tt0964517,Harvey Weinstein,producer,The Fighter,Film,http://www.imdb.com/title/tt0964517/,2010
tt1175709,Harvey Weinstein,producer,All Good Things,Film,http://www.imdb.com/title/tt1175709/,2010
tt1107319,Harvey Weinstein,producer,Dirty Girl,Film,http://www.imdb.com/title/tt1107319/,2010
tt1504320,Harvey Weinstein,producer,The King's Speech,Film,http://www.imdb.com/title/tt1504320/,2010
tt0464154,Harvey Weinstein,producer,Piranha 3D,Film,http://www.imdb.com/title/tt0464154/,2010
tt1092634,Harvey Weinstein,producer,Shanghai,Film,http://www.imdb.com/title/tt1092634/,2010
tt1323598,Harvey Weinstein,producer,Hey Watch This,Film,http://www.imdb.com/title/tt1323598/,2010
tt1172998,Harvey Weinstein,producer,Hurricane Season,Film,http://www.imdb.com/title/tt1172998/,2009
tt0875034,Harvey Weinstein,producer,Nine,Film,http://www.imdb.com/title/tt0875034/,2009
tt1266029,Harvey Weinstein,producer,Nowhere Boy,Film,http://www.imdb.com/title/tt1266029/,2009
tt1210071,Harvey Weinstein,producer,The Janky Promoters,Film,http://www.imdb.com/title/tt1210071/,2009
tt0403702,Harvey Weinstein,producer,Youth in Revolt,Film,http://www.imdb.com/title/tt0403702/,2009
tt1232207,Harvey Weinstein,producer,Capitalism: A Love Story,Film,http://www.imdb.com/title/tt1232207/,2009
tt1311067,Harvey Weinstein,producer,Halloween II,Film,http://www.imdb.com/title/tt1311067/,2009
tt1497626,Harvey Weinstein,producer,Project Runway: All-Star Challenge,Film,http://www.imdb.com/title/tt1497626/,2009
tt0361748,Harvey Weinstein,producer,Inglourious Basterds,Film,http://www.imdb.com/title/tt0361748/,2009
tt0924129,Harvey Weinstein,producer,Crossing Over,Film,http://www.imdb.com/title/tt0924129/,2009
tt1104836,Harvey Weinstein,producer,Feast III: The Happy Finish,Film,http://www.imdb.com/title/tt1104836/,2009
tt0489049,Harvey Weinstein,producer,Fanboys,Film,http://www.imdb.com/title/tt0489049/,2009
tt0976051,Harvey Weinstein,producer,The Reader,Film,http://www.imdb.com/title/tt0976051/,2008
tt0839930,Harvey Weinstein,producer,The Nutty Professor,Film,http://www.imdb.com/title/tt0839930/,2008
tt1323946,Harvey Weinstein,producer,Pulse 3,Film,http://www.imdb.com/title/tt1323946/,2008
tt0443559,Harvey Weinstein,producer,Killshot,Film,http://www.imdb.com/title/tt0443559/,2008
tt1111948,Harvey Weinstein,producer,Soul Men,Film,http://www.imdb.com/title/tt1111948/,2008
tt0892391,Harvey Weinstein,producer,The Meerkats,Film,http://www.imdb.com/title/tt0892391/,2008
tt1038072,Harvey Weinstein,producer,Pulse 2: Afterlife,Film,http://www.imdb.com/title/tt1038072/,2008
tt1104835,Harvey Weinstein,producer,Feast II: Sloppy Seconds,Film,http://www.imdb.com/title/tt1104835/,2008
tt1007028,Harvey Weinstein,producer,Zack and Miri Make a Porno,Film,http://www.imdb.com/title/tt1007028/,2008
tt1091751,Harvey Weinstein,producer,The Longshots,Film,http://www.imdb.com/title/tt1091751/,2008
tt0426592,Harvey Weinstein,producer,Superhero Movie,Film,http://www.imdb.com/title/tt0426592/,2008
tt0803057,Harvey Weinstein,producer,The Promotion,Film,http://www.imdb.com/title/tt0803057/,2008
tt1086797,Harvey Weinstein,producer,Unstable Fables: 3 Pigs & a Baby,Film,http://www.imdb.com/title/tt1086797/,2008
tt0462499,Harvey Weinstein,producer,Rambo,Film,http://www.imdb.com/title/tt0462499/,2008
tt0411475,Harvey Weinstein,producer,Hell Ride,Film,http://www.imdb.com/title/tt0411475/,2008
tt0427309,Harvey Weinstein,producer,The Great Debaters,Film,http://www.imdb.com/title/tt0427309/,2007
tt0211933,Harvey Weinstein,producer,Awake,Film,http://www.imdb.com/title/tt0211933/,2007
tt0884328,Harvey Weinstein,producer,The Mist,Film,http://www.imdb.com/title/tt0884328/,2007
tt0479528,Harvey Weinstein,producer,Rogue,Film,http://www.imdb.com/title/tt0479528/,2007
tt0850669,Harvey Weinstein,producer,Slacker Uprising,Film,http://www.imdb.com/title/tt0850669/,2007
tt0373883,Harvey Weinstein,producer,Halloween,Film,http://www.imdb.com/title/tt0373883/,2007
tt0489237,Harvey Weinstein,producer,The Nanny Diaries,Film,http://www.imdb.com/title/tt0489237/,2007
tt0785077,Harvey Weinstein,producer,Who's Your Caddy?,Film,http://www.imdb.com/title/tt0785077/,2007
tt1077258,Harvey Weinstein,producer,Planet Terror,Film,http://www.imdb.com/title/tt1077258/,2007
tt0450385,Harvey Weinstein,producer,1408,Film,http://www.imdb.com/title/tt0450385/,2007
tt1028528,Harvey Weinstein,producer,Death Proof,Film,http://www.imdb.com/title/tt1028528/,2007
tt0386032,Harvey Weinstein,producer,Sicko,Film,http://www.imdb.com/title/tt0386032/,2007
tt0462396,Harvey Weinstein,producer,The Last Legion,Film,http://www.imdb.com/title/tt0462396/,2007
tt0462322,Harvey Weinstein,producer,Grindhouse,Film,http://www.imdb.com/title/tt0462322/,2007
tt0432402,Harvey Weinstein,producer,Factory Girl,Film,http://www.imdb.com/title/tt0432402/,2006
tt0482546,Harvey Weinstein,producer,Miss Potter,Film,http://www.imdb.com/title/tt0482546/,2006
tt0462519,Harvey Weinstein,producer,School for Scoundrels,Film,http://www.imdb.com/title/tt0462519/,2006
tt0443456,Harvey Weinstein,producer,Breaking and Entering,Film,http://www.imdb.com/title/tt0443456/,2006
tt0454919,Harvey Weinstein,producer,Pulse,Film,http://www.imdb.com/title/tt0454919/,2006
tt0424345,Harvey Weinstein,producer,Clerks II,Film,http://www.imdb.com/title/tt0424345/,2006
tt0362120,Harvey Weinstein,producer,Scary Movie 4,Film,http://www.imdb.com/title/tt0362120/,2006
tt0471028,Harvey Weinstein,producer,Project Jay,Film,http://www.imdb.com/title/tt0471028/,2006
tt0398017,Harvey Weinstein,producer,Derailed,Film,http://www.imdb.com/title/tt0398017/,2005
tt0422037,Harvey Weinstein,producer,Curandero,Film,http://www.imdb.com/title/tt0422037/,2005
tt0426459,Harvey Weinstein,producer,Feast,Film,http://www.imdb.com/title/tt0426459/,2005
tt0428251,Harvey Weinstein,producer,Venom,Film,http://www.imdb.com/title/tt0428251/,2005
tt0439771,Harvey Weinstein,producer,The Prophecy: Forsaken,Film,http://www.imdb.com/title/tt0439771/,2005
tt0377107,Harvey Weinstein,producer,Proof,Film,http://www.imdb.com/title/tt0377107/,2005
tt0373416,Harvey Weinstein,producer,Underclassman,Film,http://www.imdb.com/title/tt0373416/,2005
tt0355295,Harvey Weinstein,producer,The Brothers Grimm,Film,http://www.imdb.com/title/tt0355295/,2005
tt0350261,Harvey Weinstein,producer,An Unfinished Life,Film,http://www.imdb.com/title/tt0350261/,2005
tt0326905,Harvey Weinstein,producer,The Great Raid,Film,http://www.imdb.com/title/tt0326905/,2005
tt0303929,Harvey Weinstein,producer,Dracula III: Legacy,Film,http://www.imdb.com/title/tt0303929/,2005
tt0424774,Harvey Weinstein,producer,The Adventures of Sharkboy and Lavagirl 3-D,Film,http://www.imdb.com/title/tt0424774/,2005
tt0401792,Harvey Weinstein,producer,Sin City,Film,http://www.imdb.com/title/tt0401792/,2005
tt0257516,Harvey Weinstein,producer,Cursed,Film,http://www.imdb.com/title/tt0257516/,2005
tt0338751,Harvey Weinstein,producer,The Aviator,Film,http://www.imdb.com/title/tt0338751/,2004
tt0387925,Harvey Weinstein,producer,Chestnut: Hero of Central Park,Film,http://www.imdb.com/title/tt0387925/,2004
tt0358135,Harvey Weinstein,producer,Shall We Dance,Film,http://www.imdb.com/title/tt0358135/,2004
tt0308644,Harvey Weinstein,producer,Finding Neverland,Film,http://www.imdb.com/title/tt0308644/,2004
tt0361596,Harvey Weinstein,producer,Fahrenheit 9/11,Film,http://www.imdb.com/title/tt0361596/,2004
tt0380615,Harvey Weinstein,producer,Paper Clips,Film,http://www.imdb.com/title/tt0380615/,2004
tt0327679,Harvey Weinstein,producer,Ella Enchanted,Film,http://www.imdb.com/title/tt0327679/,2004
tt0378194,Harvey Weinstein,producer,Kill Bill: Vol. 2,Film,http://www.imdb.com/title/tt0378194/,2004
tt0325596,Harvey Weinstein,producer,The I Inside,Film,http://www.imdb.com/title/tt0325596/,2004
tt0297284,Harvey Weinstein,producer,Mindhunters,Film,http://www.imdb.com/title/tt0297284/,2004
tt0300051,Harvey Weinstein,producer,Jersey Girl,Film,http://www.imdb.com/title/tt0300051/,2004
tt0159365,Harvey Weinstein,producer,Cold Mountain,Film,http://www.imdb.com/title/tt0159365/,2003
tt0167260,Harvey Weinstein,producer,The Lord of the Rings: The Return of the King,Film,http://www.imdb.com/title/tt0167260/,2003
tt0307987,Harvey Weinstein,producer,Bad Santa,Film,http://www.imdb.com/title/tt0307987/,2003
tt0311113,Harvey Weinstein,producer,Master and Commander: The Far Side of the World,Film,http://www.imdb.com/title/tt0311113/,2003
tt0306047,Harvey Weinstein,producer,Scary Movie 3,Film,http://www.imdb.com/title/tt0306047/,2003
tt0266697,Harvey Weinstein,producer,Kill Bill: Vol. 1,Film,http://www.imdb.com/title/tt0266697/,2003
tt0266489,Harvey Weinstein,producer,Duplex,Film,http://www.imdb.com/title/tt0266489/,2003
tt0308383,Harvey Weinstein,producer,The Human Stain,Film,http://www.imdb.com/title/tt0308383/,2003
tt0270980,Harvey Weinstein,producer,My Boss's Daughter,Film,http://www.imdb.com/title/tt0270980/,2003
tt0338459,Harvey Weinstein,producer,Spy Kids 3: Game Over,Film,http://www.imdb.com/title/tt0338459/,2003
tt0352426,Harvey Weinstein,producer,Ice Bound,Film,http://www.imdb.com/title/tt0352426/,2003
tt0270288,Harvey Weinstein,producer,Confessions of a Dangerous Mind,Film,http://www.imdb.com/title/tt0270288/,2002
tt0299658,Harvey Weinstein,producer,Chicago,Film,http://www.imdb.com/title/tt0299658/,2002
tt0217505,Harvey Weinstein,producer,Gangs of New York,Film,http://www.imdb.com/title/tt0217505/,2002
tt0238380,Harvey Weinstein,producer,Equilibrium,Film,http://www.imdb.com/title/tt0238380/,2002
tt0167261,Harvey Weinstein,producer,The Lord of the Rings: The Two Towers,Film,http://www.imdb.com/title/tt0167261/,2002
tt0219400,Harvey Weinstein,producer,Waking Up in Reno,Film,http://www.imdb.com/title/tt0219400/,2002
tt0276816,Harvey Weinstein,producer,Below,Film,http://www.imdb.com/title/tt0276816/,2002
tt0273517,Harvey Weinstein,producer,Darkness,Film,http://www.imdb.com/title/tt0273517/,2002
tt0287717,Harvey Weinstein,producer,Spy Kids 2: Island of Lost Dreams,Film,http://www.imdb.com/title/tt0287717/,2002
tt0290212,Harvey Weinstein,producer,Full Frontal,Film,http://www.imdb.com/title/tt0290212/,2002
tt0220506,Harvey Weinstein,producer,Halloween: Resurrection,Film,http://www.imdb.com/title/tt0220506/,2002
tt0246677,Harvey Weinstein,producer,Heaven,Film,http://www.imdb.com/title/tt0246677/,2002
tt0308672,Harvey Weinstein,producer,Only the Strong Survive,Film,http://www.imdb.com/title/tt0308672/,2002
tt0120824,Harvey Weinstein,producer,The Shipping News,Film,http://www.imdb.com/title/tt0120824/,2001
tt0280778,Harvey Weinstein,producer,Iris,Film,http://www.imdb.com/title/tt0280778/,2001
tt0035423,Harvey Weinstein,producer,Kate & Leopold,Film,http://www.imdb.com/title/tt0035423/,2001
tt0120737,Harvey Weinstein,producer,The Lord of the Rings: The Fellowship of the Ring,Film,http://www.imdb.com/title/tt0120737/,2001
tt0160399,Harvey Weinstein,producer,Impostor,Film,http://www.imdb.com/title/tt0160399/,2001
tt0261392,Harvey Weinstein,producer,Jay and Silent Bob Strike Back,Film,http://www.imdb.com/title/tt0261392/,2001
tt0286098,Harvey Weinstein,producer,Zu Warriors,Film,http://www.imdb.com/title/tt0286098/,2001
tt0230600,Harvey Weinstein,producer,The Others,Film,http://www.imdb.com/title/tt0230600/,2001
tt0239641,Harvey Weinstein,producer,Mimic 2,Film,http://www.imdb.com/title/tt0239641/,2001
tt0257106,Harvey Weinstein,producer,Scary Movie 2,Film,http://www.imdb.com/title/tt0257106/,2001
tt0166158,Harvey Weinstein,producer,Daddy and Them,Film,http://www.imdb.com/title/tt0166158/,2001
tt0193560,Harvey Weinstein,producer,Texas Rangers,Film,http://www.imdb.com/title/tt0193560/,2001
tt0227538,Harvey Weinstein,producer,Spy Kids,Film,http://www.imdb.com/title/tt0227538/,2001
tt0219653,Harvey Weinstein,producer,Dracula 2000,Film,http://www.imdb.com/title/tt0219653/,2000
tt0241303,Harvey Weinstein,producer,Chocolat,Film,http://www.imdb.com/title/tt0241303/,2000
tt0186894,Harvey Weinstein,producer,Bounce,Film,http://www.imdb.com/title/tt0186894/,2000
tt0213847,Harvey Weinstein,producer,Malèna,Film,http://www.imdb.com/title/tt0213847/,2000
tt0229440,Harvey Weinstein,producer,Hellraiser: Inferno,Film,http://www.imdb.com/title/tt0229440/,2000
tt0259207,Harvey Weinstein,producer,Backstage,Film,http://www.imdb.com/title/tt0259207/,2000
tt0144964,Harvey Weinstein,producer,Highlander: Endgame,Film,http://www.imdb.com/title/tt0144964/,2000
tt0175142,Harvey Weinstein,producer,Scary Movie,Film,http://www.imdb.com/title/tt0175142/,2000
tt0204175,Harvey Weinstein,producer,Boys and Girls,Film,http://www.imdb.com/title/tt0204175/,2000
tt0138946,Harvey Weinstein,producer,The Yards,Film,http://www.imdb.com/title/tt0138946/,2000
tt0183678,Harvey Weinstein,producer,The Prophecy 3: The Ascent,Film,http://www.imdb.com/title/tt0183678/,2000
tt0184858,Harvey Weinstein,producer,Reindeer Games,Film,http://www.imdb.com/title/tt0184858/,2000
tt0182295,Harvey Weinstein,producer,Love's Labour's Lost,Film,http://www.imdb.com/title/tt0182295/,2000
tt0134084,Harvey Weinstein,producer,Scream 3,Film,http://www.imdb.com/title/tt0134084/,2000
tt0159784,Harvey Weinstein,producer,Takedown,Film,http://www.imdb.com/title/tt0159784/,2000
tt0199314,Harvey Weinstein,producer,About Adam,Film,http://www.imdb.com/title/tt0199314/,2000
tt0132910,Harvey Weinstein,producer,The Crow: Salvation,Film,http://www.imdb.com/title/tt0132910/,2000
tt0144142,Harvey Weinstein,producer,Committed,Film,http://www.imdb.com/title/tt0144142/,2000
tt0186975,Harvey Weinstein,producer,Down to You,Film,http://www.imdb.com/title/tt0186975/,2000
tt0146422,Harvey Weinstein,producer,Allied Forces,Film,http://www.imdb.com/title/tt0146422/,1999
tt0124315,Harvey Weinstein,producer,The Cider House Rules,Film,http://www.imdb.com/title/tt0124315/,1999
tt0166943,Harvey Weinstein,producer,Music of the Heart,Film,http://www.imdb.com/title/tt0166943/,1999
tt0144715,Harvey Weinstein,producer,Holy Smoke,Film,http://www.imdb.com/title/tt0144715/,1999
tt0178737,Harvey Weinstein,producer,Mansfield Park,Film,http://www.imdb.com/title/tt0178737/,1999
tt0160401,Harvey Weinstein,producer,In Too Deep,Film,http://www.imdb.com/title/tt0160401/,1999
tt0125971,Harvey Weinstein,producer,Outside Providence,Film,http://www.imdb.com/title/tt0125971/,1999
tt0133046,Harvey Weinstein,producer,Teaching Mrs. Tingle,Film,http://www.imdb.com/title/tt0133046/,1999
tt0120899,Harvey Weinstein,producer,My Life So Far,Film,http://www.imdb.com/title/tt0120899/,1999
tt0160862,Harvey Weinstein,producer,She's All That,Film,http://www.imdb.com/title/tt0160862/,1999
tt0160338,Harvey Weinstein,producer,Guinevere,Film,http://www.imdb.com/title/tt0160338/,1999
tt0145734,Harvey Weinstein,producer,Playing by Heart,Film,http://www.imdb.com/title/tt0145734/,1998
tt0138097,Harvey Weinstein,producer,Shakespeare in Love,Film,http://www.imdb.com/title/tt0138097/,1998
tt0133751,Harvey Weinstein,producer,The Faculty,Film,http://www.imdb.com/title/tt0133751/,1998
tt0120594,Harvey Weinstein,producer,B. Monkey,Film,http://www.imdb.com/title/tt0120594/,1998
tt0120271,Harvey Weinstein,producer,Talk of Angels,Film,http://www.imdb.com/title/tt0120271/,1998
tt0147004,Harvey Weinstein,producer,Little Voice,Film,http://www.imdb.com/title/tt0147004/,1998
tt0120697,Harvey Weinstein,producer,Heaven,Film,http://www.imdb.com/title/tt0120697/,1998
tt0128442,Harvey Weinstein,producer,Rounders,Film,http://www.imdb.com/title/tt0128442/,1998
tt0120577,Harvey Weinstein,producer,54,Film,http://www.imdb.com/title/tt0120577/,1998
tt0120694,Harvey Weinstein,producer,Halloween H20: 20 Years Later,Film,http://www.imdb.com/title/tt0120694/,1998
tt0120879,Harvey Weinstein,producer,Velvet Goldmine,Film,http://www.imdb.com/title/tt0120879/,1998
tt0119670,Harvey Weinstein,producer,The Mighty,Film,http://www.imdb.com/title/tt0119670/,1998
tt0120135,Harvey Weinstein,producer,Since You've Been Gone,Film,http://www.imdb.com/title/tt0120135/,1998
tt0120707,Harvey Weinstein,producer,Ride,Film,http://www.imdb.com/title/tt0120707/,1998
tt0120510,Harvey Weinstein,producer,Wide Awake,Film,http://www.imdb.com/title/tt0120510/,1998
tt0120820,Harvey Weinstein,producer,Senseless,Film,http://www.imdb.com/title/tt0120820/,1998
tt0119891,Harvey Weinstein,producer,Phantoms,Film,http://www.imdb.com/title/tt0119891/,1998
tt0120793,Harvey Weinstein,producer,A Price Above Rubies,Film,http://www.imdb.com/title/tt0120793/,1998
tt0118643,Harvey Weinstein,producer,The Prophecy II,Film,http://www.imdb.com/title/tt0118643/,1998
tt0120523,Harvey Weinstein,producer,Wishful Thinking,Film,http://www.imdb.com/title/tt0120523/,1997
tt0120082,Harvey Weinstein,producer,Scream 2,Film,http://www.imdb.com/title/tt0120082/,1997
tt0119396,Harvey Weinstein,producer,Jackie Brown,Film,http://www.imdb.com/title/tt0119396/,1997
tt0119217,Harvey Weinstein,producer,Good Will Hunting,Film,http://www.imdb.com/title/tt0119217/,1997
tt0120520,Harvey Weinstein,producer,The Wings of the Dove,Film,http://www.imdb.com/title/tt0120520/,1997
tt0118887,Harvey Weinstein,producer,Cop Land,Film,http://www.imdb.com/title/tt0118887/,1997
tt0118570,Harvey Weinstein,producer,Air Bud,Film,http://www.imdb.com/title/tt0118570/,1997
tt0119698,Harvey Weinstein,producer,Princess Mononoke,Film,http://www.imdb.com/title/tt0119698/,1997
tt0117496,Harvey Weinstein,producer,Robinson Crusoe,Film,http://www.imdb.com/title/tt0117496/,1997
tt0119675,Harvey Weinstein,producer,Mimic,Film,http://www.imdb.com/title/tt0119675/,1997
tt0120112,Harvey Weinstein,producer,She's So Lovely,Film,http://www.imdb.com/title/tt0120112/,1997
tt0118556,Harvey Weinstein,producer,Addicted to Love,Film,http://www.imdb.com/title/tt0118556/,1997
tt0119791,Harvey Weinstein,producer,Nightwatch,Film,http://www.imdb.com/title/tt0119791/,1997
tt0117571,Harvey Weinstein,producer,Scream,Film,http://www.imdb.com/title/tt0117571/,1996
tt0117695,Harvey Weinstein,producer,I'm Crazy About Iris Blond,Film,http://www.imdb.com/title/tt0117695/,1996
tt0114846,Harvey Weinstein,producer,Victory,Film,http://www.imdb.com/title/tt0114846/,1996
tt0116833,Harvey Weinstein,producer,The Last of the High Kings,Film,http://www.imdb.com/title/tt0116833/,1996
tt0116209,Harvey Weinstein,producer,The English Patient,Film,http://www.imdb.com/title/tt0116209/,1996
tt0115986,Harvey Weinstein,producer,The Crow: City of Angels,Film,http://www.imdb.com/title/tt0115986/,1996
tt0116592,Harvey Weinstein,producer,"I Love You, I Love You Not",Film,http://www.imdb.com/title/tt0116592/,1996
tt0116191,Harvey Weinstein,producer,Emma,Film,http://www.imdb.com/title/tt0116191/,1996
tt0117283,Harvey Weinstein,producer,The Pallbearer,Film,http://www.imdb.com/title/tt0117283/,1996
tt0116324,Harvey Weinstein,producer,Flirting with Disaster,Film,http://www.imdb.com/title/tt0116324/,1996
tt0115639,Harvey Weinstein,producer,Beautiful Girls,Film,http://www.imdb.com/title/tt0115639/,1996
tt0116684,Harvey Weinstein,producer,Jane Eyre,Film,http://www.imdb.com/title/tt0116684/,1996
tt0114272,Harvey Weinstein,producer,Restoration,Film,http://www.imdb.com/title/tt0114272/,1995
tt0113490,Harvey Weinstein,producer,The Journey of August King,Film,http://www.imdb.com/title/tt0113490/,1995
tt0113849,Harvey Weinstein,producer,A Month by the Lake,Film,http://www.imdb.com/title/tt0113849/,1995
tt0112744,Harvey Weinstein,producer,The Crossing Guard,Film,http://www.imdb.com/title/tt0112744/,1995
tt0112966,Harvey Weinstein,producer,The Englishman Who Went Up a Hill But Came Down a Mountain,Film,http://www.imdb.com/title/tt0112966/,1995
tt0114660,Harvey Weinstein,producer,Things to Do in Denver When You're Dead,Film,http://www.imdb.com/title/tt0114660/,1995
tt0112541,Harvey Weinstein,producer,Blue in the Face,Film,http://www.imdb.com/title/tt0112541/,1995
tt0114478,Harvey Weinstein,producer,Smoke,Film,http://www.imdb.com/title/tt0114478/,1995
tt0110907,Harvey Weinstein,producer,Ready to Wear,Film,http://www.imdb.com/title/tt0110907/,1994
tt0110912,Harvey Weinstein,producer,Pulp Fiction,Film,http://www.imdb.com/title/tt0110912/,1994
tt0110999,Harvey Weinstein,producer,The Road Killers,Film,http://www.imdb.com/title/tt0110999/,1994
tt0107606,Harvey Weinstein,producer,Mother's Boys,Film,http://www.imdb.com/title/tt0107606/,1993
tt0107146,Harvey Weinstein,producer,The Advocate,Film,http://www.imdb.com/title/tt0107146/,1993
tt0108399,Harvey Weinstein,producer,True Romance,Film,http://www.imdb.com/title/tt0108399/,1993
tt0107685,Harvey Weinstein,producer,The Night We Never Met,Film,http://www.imdb.com/title/tt0107685/,1993
tt0106386,Harvey Weinstein,producer,Benefit of the Doubt,Film,http://www.imdb.com/title/tt0106386/,1993
tt0104522,Harvey Weinstein,producer,Into the West,Film,http://www.imdb.com/title/tt0104522/,1992
tt0104155,Harvey Weinstein,producer,Dust Devil,Film,http://www.imdb.com/title/tt0104155/,1992
tt0104812,Harvey Weinstein,producer,Map of the Human Heart,Film,http://www.imdb.com/title/tt0104812/,1992
tt0102691,Harvey Weinstein,producer,The Pope Must Diet,Film,http://www.imdb.com/title/tt0102691/,1991
tt0102749,Harvey Weinstein,producer,A Rage in Harlem,Film,http://www.imdb.com/title/tt0102749/,1991
tt0099136,Harvey Weinstein,producer,Crossing the Line,Film,http://www.imdb.com/title/tt0099136/,1990
tt0099740,Harvey Weinstein,producer,Hardware,Film,http://www.imdb.com/title/tt0099740/,1990
tt0100708,Harvey Weinstein,producer,Strike It Rich,Film,http://www.imdb.com/title/tt0100708/,1990
tt0100003,Harvey Weinstein,producer,The Lemon Sisters,Film,http://www.imdb.com/title/tt0100003/,1989
tt0098260,Harvey Weinstein,producer,Scandal,Film,http://www.imdb.com/title/tt0098260/,1989
tt0091767,Harvey Weinstein,producer,Playing for Keeps,Film,http://www.imdb.com/title/tt0091767/,1986
tt0134026,Harvey Weinstein,producer,Deep End,Film,http://www.imdb.com/title/tt0134026/,1985
tt0084648,Harvey Weinstein,producer,The Secret Policeman's Other Ball,Film,http://www.imdb.com/title/tt0084648/,1982
tt0082118,Harvey Weinstein,producer,The Burning,Film,http://www.imdb.com/title/tt0082118/,1981
tt0091767,Harvey Weinstein,writer,Playing for Keeps,Film,http://www.imdb.com/title/tt0091767/,1986
tt0082118,Harvey Weinstein,writer,The Burning,Film,http://www.imdb.com/title/tt0082118/,1981
