person_id,name,gender
nm0000329,Jackie Chan,2
nm0000230,Sylvester Stallone,2
nm0000155,Whoopi Goldberg,1
nm0001385,Eric Idle,2
nm0641939,Ryan O'Neal,2
nm0004839,Coolio,2
nm0195982,Chuck D.,2
nm0420732,Richard Jeni,2
nm0005462,Leslie Stefanson,1
nm0005544,Harvey Weinstein,2
nm0000928,Sandra Bernhard,1
nm0526724,Cherie Lunghi,1
nm0005457,Dina Spybey-Waters,0
nm0000671,Billy Bob Thornton,2
nm0000647,Alan Smithee,0
,Arthur Hiller,2
nm0001626,Christopher Plummer,2
nm0098014,Tom Bosley,2
nm0331319,Frank Gorshin,2
nm0709704,Tony Randall,2
nm0430234,Daniel Jordano,0
nm0671992,Matthew Penn,2
nm0335523,Leon W. Grant,2
nm0911719,Mary B. Ward,0
nm0000673,Marisa Tomei,1
nm0047815,Jimmy Baio,2
nm0332390,Harold Gould,2
nm0369541,Kim Hauser,0
nm0589628,Robert Milli,0
nm0428438,John Randolph Jones,2
nm0918424,Bob Weinstein,2
nm1212722,Benedict Cumberbatch,2
nm0788335,Michael Shannon,2
nm0396558,Nicholas Hoult,2
nm2239702,Katherine Waterston,1
nm4043618,Tom Holland,2
nm0532193,Matthew Macfadyen,2
nm3095562,Tuppence Middleton,1
nm3729877,Damien Molony,0
nm2736817,Conor MacNeill,0
nm0427714,Celyn Jones,2
nm1134945,John Schwab,0
nm0004234,Alfonso Gomez-Rejon,0
nm2276729,Michael Mitnick,0
nm1440825,Garrett Basch,0
nm0067457,Timur Bekmambetov,2
nm0412588,Basil Iwanyk,2
nm0001873,Steven Zaillian,2
nm0186505,Bryan Cranston,2
nm0366389,Kevin Hart,2
nm0000173,Nicole Kidman,1
nm0000523,Julianna Margulies,1
nm3813115,Aja Naomi King,1
nm0267042,Golshifteh Farahani,1
nm3017448,Genevieve Angelson,0
nm0767929,Suzanne Savoy,1
nm5846654,Rachel Alana Handler,0
nm1987331,Pia Mechler,1
nm1139726,Neil Burger,2
nm0085542,Todd Black,2
nm0089820,Jason Blumenthal,2
nm2539953,Alicia Vikander,1
nm2851530,Dane DeHaan,2
nm0001132,Judi Dench,1
nm0910607,Christoph Waltz,2
nm1925239,Jack O'Connell,2
nm0334441,Holliday Grainger,1
nm0302108,Zach Galifianakis,2
nm1285162,Matthew Morrison,2
nm0390903,Tom Hollander,2
nm5353321,Cara Delevingne,1
nm6463103,Cressida Bonas,1
nm0571727,Kevin McKidd,2
nm0362873,David Harewood,2
nm0768936,Joanna Scanlan,1
nm0388061,Douglas Hodge,2
nm0273797,Sebastian Armesto,2
nm0621382,Michael Nardone,2
nm3055497,Daisy Lowe,1
nm0384826,Anastasia Hille,1
nm0806968,Michael Smiley,2
nm0891943,Johnny Vegas,2
nm0149491,Justin Chadwick,2
nm0001779,Tom Stoppard,2
nm0654077,Alison Owen,1
nm0595738,Deborah Moggach,1
nm2254074,Bella Thorne,1
nm1185747,Cameron Monaghan,2
nm0607185,Jennifer Morrison,1
nm0000492,Jennifer Jason Leigh,1
nm1837588,Taylor Spreitler,1
nm3287038,Thomas Mann,2
nm0001748,Kurtwood Smith,2
nm5085683,Mckenna Grace,1
nm1671147,Cleopatra Coleman,1
nm0451076,Franck Khalfoun,2
nm2322853,Claire Holt,1
nm0601553,Mandy Moore,1
nm1404137,Chris Johnson,2
nm0312454,Yani Gellman,2
nm4461700,Santiago Segura,2
nm0000546,Matthew Modine,2
nm1266897,Johannes Roberts,2
nm2448068,James Harris,0
nm1676089,Will Clarke,2
nm2222628,Wayne Marc Godfrey,0
nm0429134,Robert Jones,2
nm1010017,Andy Mayson,0
nm0419650,Jay-Z,2
nm1739645,Adriana DeMeo,0
nm0762191,Nick Sandow,2
nm3117334,Jenner Furst,0
nm0322047,David Glasser,2
nm0719637,Jeremy Renner,2
nm0647634,Elizabeth Olsen,1
nm0083655,Gil Birmingham,2
nm2080328,Kelsey Asbille,1
nm1256532,Jon Bernthal,2
nm0001295,Graham Greene,2
nm1247407,Julia Jones,1
nm1129746,Tokala Clifford,0
nm2028579,James Jordan,2
nm1441925,Eric Lange,2
nm0092026,Ian Bohen,2
nm0227003,Hugh Dillon,2
nm0215682,Matthew Del Negro,2
nm3897067,Teo Briones,2
nm0001987,Tantoo Cardinal,1
nm0032009,Apesanahkwat,0
nm1083077,Blake Robbins,2
nm5173220,Austin R. Grant,0
nm0499824,Norman Lehnert,2
nm0000916,Peter Berg,2
nm0313531,Matthew George,2
nm0792263,Taylor Sheridan,2
nm0000190,Matthew McConaughey,2
nm0397171,Bryce Dallas Howard,1
nm1183149,Edgar Ramírez,2
nm3985937,Timothy Simons,2
nm0484678,Michael Landes,2
nm0005078,Stacy Keach,2
nm1592225,Rachael Taylor,1
nm0339304,Bruce Greenwood,2
nm0005266,Craig T. Nelson,2
nm1015684,Corey Stoll,2
nm1527905,Toby Kebbell,2
nm0086301,Macon Blair,0
nm0131966,Bill Camp,2
nm1254942,Lora Martinez-Cunningham,1
nm0939703,Frank Wood,2
nm0480775,Adam LeFevre,2
nm0961185,Dylan Kenin,2
nm0367176,Joshua Harto,2
nm0656275,Matthew Page,2
nm0125637,Jackamoe Buzzell,0
nm0095552,Sahajak Boonthanakit,2
nm2175530,Kristen Rakes,1
nm4958641,Stafford Douglas,2
nm6685227,Richard Beal,0
nm0737276,Hank Rogerson,0
nm2456350,Jacob Browne,0
nm0422211,Bob Jesser,0
nm3024380,Bhavesh Patel,0
nm3624617,Cheo Tapia,2
nm0131994,Joanne Camp,1
nm7377921,Danny Winn,0
nm0827429,William Sterchi,2
nm3290049,Ben Whitehair,0
nm1697030,Catherine Haun,1
nm0937514,John Wojda,0
nm6718908,Julian Wondolowski,0
nm2388037,Marybeth Massett,1
nm4472978,Joe Girard,0
nm7592188,Karan Choudhary,0
nm5321565,Lionel Archuleta,0
nm0245041,John Pirkis,0
nm2002316,Vic Browder,2
nm8327327,Nicole Brady,1
nm1088446,Frank Bond,2
nm2132129,Casey Messer,1
nm0492552,John Lawlor,2
nm0077718,Joe Berryman,0
nm3485076,Jessica Cummings,1
nm0240935,Patrick Duggan,0
nm0873997,Ed Trucco,0
nm1753356,Nophand Boonyai,0
nm1758782,Tanapol Chuksrida,2
nm7471295,Shad Adair,0
nm5541402,Rick Anglada,0
nm6959350,Alison Grainger,1
nm7518433,Evan Bryn Graves,1
nm7491674,Sylvie Grontis Hagan,1
nm7251647,Jameson Macmillan,0
nm5943634,Phil Oddo,0
nm6096281,Alexander Daniel Pimentel,2
nm3290674,Michael Neal Powell,0
nm5333438,James Tyler Robinson,2
nm7142268,Kate Sears,1
nm7290400,Nora Sommerkamp,1
nm5877528,Michael E. Stogner,0
nm4273216,Kathie Westgate,1
nm0557270,Patrick Massett,2
nm0300866,Stephen Gaghan,2
nm0637602,Michael Nozik,2
nm3267061,Teddy Schwarzman,0
nm0957003,John Zinman,2
nm0000474,Michael Keaton,2
nm0644406,Nick Offerman,2
nm0002253,John Carroll Lynch,2
nm0004802,Linda Cardellini,1
nm0933940,Patrick Wilson,2
nm1145983,B. J. Novak,2
nm0000368,Laura Dern,1
nm6119252,Justin Randell Brooke,0
nm0280409,Wilbur Fitzgerald,2
nm0975225,Griff Furst,2
nm0212278,David de Vries,2
nm0070235,Andrew Benator,0
nm2278056,Cara Mantella,0
nm0853024,Randall Taylor,0
nm3813298,Kabby Borders,0
nm0359387,John Lee Hancock,2
nm1583132,Sam Englebardt,0
nm0359534,Don Handfield,0
nm4207924,William D. Johnson,0
nm2353862,Dev Patel,2
nm1913734,Rooney Mara,1
nm0920992,David Wenham,2
nm2591562,Divian Ladwa,2
nm3140757,Priyanka Bose,0
nm0622732,Deepti Naval,1
nm1318578,Tannishtha Chatterjee,0
nm2469136,Nawazuddin Siddiqui,2
nm4430268,Benjamin Rigby,0
nm3354963,Pallavi Sharda,0
nm5064446,Arka Das,0
nm5949710,Emilie Cocquerel,0
nm3403310,Sachin Joab,0
nm3090492,Menik Gooneratne,0
nm4421498,Anna Samson,0
nm1181180,Eamon Farren,0
nm2798882,Tegan Crowley,0
nm4184874,Belinda Misevski,0
nm7148103,Lucy Moir,0
nm0204628,Garth Davis,2
nm1729294,Luke Davies,0
nm2096617,Iain Canning,0
nm1338866,Angie Fielder,0
nm0792431,Emile Sherman,0
nm0292069,Andrew Fraser,0
nm0962995,Daniel Levin,0
nm0000511,Shirley MacLaine,1
nm0001448,Jessica Lange,1
nm0000193,Demi Moore,1
nm0175262,Billy Connolly,0
nm0002139,Judd Hirsch,2
nm0909768,Matt Walsh,2
nm0381606,Howard Hesseman,2
nm3762369,Rebecca Da Costa,1
nm0000883,Stephanie Beacham,0
nm4266079,Miles Mussenden,0
nm0855035,Andy Tennant,2
nm3733763,Sofia Black-D'Elia,1
nm3006818,Analeigh Tipton,1
nm2506621,Travis Tope,2
nm0446622,Machine Gun Kelly,2
nm0446672,Michael Kelly,2
nm0182824,"John Cothran, Jr.",2
nm0922899,Stoney Westmoreland,0
nm5446249,Linzie Gray,1
nm0253068,Judyann Elder,1
nm3526370,Brianne Howey,0
nm4355757,Dean Neistat,0
nm3518466,Anna Ross,1
nm3293813,Brendon Eggertsen,0
nm2269943,Erik A. Williams,0
nm1266276,Paul Lacovara,0
nm1268419,Alexa Fischer,1
nm2147477,Jay Hieron,0
nm0461730,Matt Knudsen,0
nm1160962,Henry Joost,2
nm1413364,Ariel Schulman,2
nm0089658,Jason Blum,2
nm1602119,Sherryl Clark,0
nm1023349,Stuart Ford,0
nm0493600,Charles Layton,2
nm0454242,Todd King,2
nm5009883,Matt Jackson,2
nm1115325,Steven Squillante,0
nm5234483,Matthew Kaplan,0
nm0901822,Jeanette Brill,1
nm0000134,Robert De Niro,2
nm0810619,Jurnee Smollett,1
nm0000289,Ellen Barkin,1
nm0001952,Rubén Blades,2
nm0713378,Usher Raymond,0
nm0001806,John Turturro,2
nm0146146,Reg E. Cathey,2
nm0805054,Robb Skyler,2
nm1869101,Ana de Armas,1
nm1049982,Óscar Jaenada,2
nm0210584,Drena De Niro,1
nm4368989,Ilza Rosario,0
nm1190376,Anthony Molinari,2
nm1189755,Jonathan Jakubowicz,0
nm0000706,Michelle Yeoh,1
nm0947447,Donnie Yen,2
nm0001462,Jason Scott Lee,2
nm1484270,Harry Shum Jr.,2
nm1067699,Eugenia Yuan,1
nm0950619,Roger Yuan,2
nm3616779,Chris Pang,2
nm0661974,Woon Young Park,2
nm0704520,Darryl Quon,2
nm1787887,Veronica Ngo,1
nm3822586,Shuya Chang,1
nm1399271,Andrew Stehlin,2
nm0950759,Yuen Woo-ping,0
nm0004214,Bey Logan,2
nm0079111,Jeff Betancourt,2
nm0003515,Ralph Winter,0
nm0862298,David Thwaites,0
nm6916321,Ferdia Walsh-Peelo,2
nm2377903,Lucy Boynton,1
nm0448204,Maria Doyle Kennedy,1
nm0318821,Aidan Gillen,2
nm2930503,Jack Reynor,2
nm5801651,Kelly Thornton,1
nm7603308,Mark McKenna,2
nm4969183,Kyle Bradley Donaldson,2
nm0943614,Don Wycherley,0
nm0687692,Marcella Plunkett,1
nm0568362,Keith McErlean,0
nm4113743,Peter Campion,0
nm0736237,Paul Roe,0
nm0138809,John Carney,2
nm0106835,Anthony Bregman,2
nm0289694,Kevin Scott Frakes,0
nm0632017,Martina Niland,1
nm4504741,Raj Brinder Singh,0
nm0872799,Paul Trijbits,2
nm0130477,Mary Callery,0
nm0000204,Natalie Portman,1
nm0249291,Joel Edgerton,2
nm0000191,Ewan McGregor,2
nm0001187,Noah Emmerich,2
nm2933542,Boyd Holbrook,2
nm0763928,Rodrigo Santoro,2
nm0542022,Alex Manette,0
nm0823693,Todd Stashwick,2
nm3265070,James Burnett,2
nm0703987,Sam Quinn,2
nm3072162,River Shields,0
nm1080822,Chad Brummett,2
nm0816105,Boots Southerland,2
nm0003482,Nash Edgerton,0
nm5223443,Robb Janov,0
nm0640334,Gavin O'Connor,2
nm1127589,Scott Steindorff,2
nm1887564,Scott LaStaiti,2
nm0450193,Aleen Keshishian,0
nm0234806,Terry Dougas,2
nm0168753,Chris Coen,0
nm3929259,Brian Duffield,0
nm0000168,Samuel L. Jackson,2
nm0000621,Kurt Russell,2
nm0324658,Walton Goggins,2
nm0065007,Demián Bichir,2
nm0000619,Tim Roth,2
nm0000514,Michael Madsen,2
nm0001136,Bruce Dern,2
nm0662960,James Parks,0
nm4158239,Dana Gourrier,1
nm1057928,Zoë Bell,1
nm0395448,Lee Horsley,2
nm0428122,Gene Jones,0
nm0420201,Keith Jefferson,0
nm0823149,Craig Stark,0
nm4477795,Belinda Owino,0
nm1475594,Channing Tatum,2
nm0000233,Quentin Tarantino,2
nm0321621,Richard N. Gladstein,2
nm0570690,Shannon McIntosh,1
nm0792049,Stacey Sher,1
nm0434133,Georgia Kacandes,1
nm0177896,Bradley Cooper,2
nm1092227,Sienna Miller,1
nm4141252,Lily James,1
nm0000235,Uma Thurman,1
nm0000668,Emma Thompson,1
nm0722629,Matthew Rhys,2
nm0117709,Daniel Brühl,2
nm2497366,Sarah Greene,0
nm1082477,Omar Sy,2
nm4187130,Sam Keeley,0
nm5891887,Chelsea Li,0
nm1249052,Riccardo Scamarcio,2
nm6297951,Christopher Heskey,0
nm0329094,Henry Goodman,2
nm1304386,Stephen Campbell Moore,2
nm2489799,Elisa Lasowski,0
nm0278747,Julian Firth,2
nm3044664,Richard Rankin,2
nm0872040,Martin Trenaman,0
nm1561546,Jody Halse,0
nm3656035,Erica Emm,0
nm0920274,John Wells,2
nm1140275,Steven Knight,2
nm0831098,Erwin Stoff,2
nm0689856,Claire Rudnick Polstein,1
nm0783346,Dylan Sellers,2
nm0787834,Michael Shamberg,2
nm0858123,Kris Thykier,0
nm0000160,Ethan Hawke,2
nm0914612,Emma Watson,1
nm0000667,David Thewlis,2
nm0089937,Lothaire Bluteau,2
nm0225460,Dale Dickey,1
nm1399770,David Dencik,2
nm1256602,Devon Bostick,2
nm0039148,Aaron Ashmore,2
nm0534132,Peter MacNeill,2
nm0124666,Adam Butcher,2
nm3313477,Jacob Neayem,0
nm1378320,Aaron Abrams,2
nm0228324,Catherine Disher,1
nm0724995,Julian Richings,2
nm2106870,Kristian Bruun,2
nm0528994,Wendy Lyon,1
nm3848496,Janet Porter,1
nm0344010,Deborah Grover,1
nm2632609,Stephen Hughes,2
nm2286416,James Preston Rogers,2
nm0024622,Alejandro Amenábar,2
nm0100559,Fernando Bovaira,2
nm1114974,Christina Piovesan,1
nm0350453,Jake Gyllenhaal,2
nm1046097,Rachel McAdams,1
nm0001845,Forest Whitaker,2
nm4802218,Oona Laurence,1
nm1265067,50 Cent,2
nm3004325,Skylan Brooks,0
nm0365140,Naomie Harris,1
nm4244770,Victor Ortiz,0
nm3354041,Beau Knapp,0
nm4205710,Miguel Gomez,0
nm1501093,Dominic Colón,2
nm6771637,Jose Caraballo,0
nm2043794,Malcolm M. Mays,0
nm7468223,Aaron Quattrocchi,0
nm1506923,Lana Young,0
nm4052890,Danny Henriquez,0
nm0575348,Patsy Meck,0
nm4665484,Vito Grassi,0
nm5056722,Tony Weeks,0
nm0502020,Jimmy Lennon Jr.,0
nm0398366,Charles Hoyes,2
nm2740002,Clare Foley,0
nm1357683,Rita Ora,1
nm0472080,Adam Kroloff,2
nm0298807,Antoine Fuqua,2
nm0724843,Alan Riche,2
nm0724855,Peter Riche,0
nm0005494,Steve Tisch,2
nm1837022,David J. Bloomfield,0
nm7533173,Gary Cheng,0
nm7533174,Jonathan Garrison,0
nm1274416,Stuart Parr,0
nm1733231,David Ranes,0
nm0742297,Paul Rosenberg,0
nm3191111,David L. Schiff,0
nm1176676,Kurt Sutter,2
nm0842470,Ezra Swerdlow,2
nm7391033,Fang Zhao,0
nm1055413,Michael Fassbender,2
nm0182839,Marion Cotillard,1
nm0175916,Paddy Considine,2
nm0365317,Sean Harris,2
nm4456120,Elizabeth Debicki,1
nm0371342,David Hayman,2
nm0747687,Maurice Roeves,2
nm5105119,Ross Anderson,0
nm7752799,Lochlann Harris,0
nm7549368,Kayla Fallon,0
nm6628950,Lynn Kennedy,0
nm6359236,Seylan Baxter,0
nm7391867,Amber Rissmann,0
nm0574436,Hilton McRae,2
nm1273657,Scott Dymond,0
nm0760207,Roy Sampson,0
nm5270502,Barrie Martin,0
nm2355933,Justin Kurzel,2
nm1232664,Laura Hastings-Smith,0
nm0521974,Todd Louiso,2
nm1105617,Jacob Koskoff,0
nm2078681,Michael Lesslie,0
nm0743882,Tessa Ross,1
nm2761920,Olivier Courson,0
nm2542232,Danny Perkins,0
nm2571033,Jenny Borgars,0
nm0000949,Cate Blanchett,1
nm0151419,Kyle Chandler,2
nm0005299,Sarah Paulson,1
nm3821405,Jake Lacy,2
nm1910274,John Magaro,2
nm5754425,Cory Michael Smith,2
nm1247855,Carrie Brownstein,1
nm0189755,Kevin Crowley,0
nm6412766,Nik Pajic,0
nm6394509,Trent Rowland,0
nm7456838,Sadie Heim,0
nm7441180,Kk Heim,0
nm1019450,Amy Warner,0
nm0359798,Michael Haney,0
nm1107245,Wendy Lardin,0
nm1262164,Pamela Evans Haynes,0
nm2182042,Greg Violand,0
nm7734415,Michael Ward,0
nm7734416,Kay Geiger,0
nm6604374,Christine Dye,1
nm7734417,Deb G. Girdler,0
nm1340005,Douglas Scott Sorenson,0
nm0835349,Ken Strunk,0
nm7734418,Mike Dennis,0
nm0720285,Ann Reskin,0
nm5795914,Annie Kalahurka,0
nm6481271,Linnea Bond,0
nm6839803,Steven Andrews,0
nm7734419,Tanya Smith,0
nm1907812,Ryan Wesley Gilreath,0
nm0318915,Chuck Gillespie,0
nm6481270,Jeremy Parker,0
nm6464173,Giedre Bond,0
nm5348282,Liberty Fraysure,0
nm6200419,Robert J. Ashe,0
nm6814486,Anita Farmer Bergman,1
nm6286144,Colin Botts,0
nm7597669,Chelsea Carnder,0
nm6972705,Gary Chinn,0
nm7440312,William Cross,0
nm1152611,Richard Doone,0
nm8021920,Taylor Frey,0
nm0001331,Todd Haynes,2
nm0078542,Dorothy Berwin,1
nm0439563,Elizabeth Karlsen,1
nm0882927,Christine Vachon,1
nm0941262,Stephen Woolley,2
nm0619507,Phyllis Nagy,0
nm1932295,Thorsten Schumacher,0
nm0881490,Andrew Upton,2
nm0004742,Maria Bello,1
nm0342029,Frank Grillo,2
nm3158974,Cody Horn,1
nm1682420,Dustin Milligan,2
nm1177914,Megan Park,1
nm1310709,Scott Mechlowicz,2
nm1683094,Aaron Yoo,2
nm1787678,Alex Goode,0
nm3554130,Ashton Leigh,1
nm0741893,Terence Rosemore,2
nm1138242,Jesse Steccato,2
nm1570245,Meyer DeLeeuw,0
nm2406626,Tyson Sullivan,0
nm1949943,Will Canon,2
nm1962738,Doug Simon,2
nm2188790,Max La Bella,0
nm0165540,Lee Clay,0
nm1490123,James Wan,2
nm1906168,Todd Williams,0
nm0000545,Helen Mirren,1
nm0005351,Ryan Reynolds,2
nm1137209,Tatiana Maslany,1
nm0005017,Katie Holmes,1
nm1796057,Max Irons,2
nm0001097,Charles Dance,2
nm0771713,Tom Schilling,2
nm0001527,Elizabeth McGovern,1
nm1662644,Antje Traue,1
nm0000596,Jonathan Pryce,2
nm0004920,Frances Fisher,1
nm0001953,Moritz Bleibtreu,2
nm0179680,Allan Corduner,2
nm0797985,Olivia Silhavy,0
nm0587060,Ben Miles,2
nm1671304,Alma Hasun,0
nm0230649,Justus von Dohnányi,2
nm0685598,Ludger Pistor,2
nm0475365,Nina Kunzendorf,1
nm5402906,Crystal Clarke,1
nm0397928,Anthony Howell,2
nm0768350,Rolf Saxon,0
nm0228533,Harry Ditson,2
nm0340039,Stephen Greif,2
nm0602496,John Moraitis,0
nm4973067,Cornelia Ivancan,1
nm0193508,Simon Curtis,2
nm0860045,David M. Thompson,2
nm0179479,James Corden,2
nm0000163,Dustin Hoffman,2
nm0307097,Salo Gardner,0
nm4468181,Lara Rossi,0
nm1250510,Jimmy Akingbola,2
nm0529098,Katie Lyons,1
nm5177929,Pixie Davies,1
nm0179549,Richard Cordery,2
nm0510586,Pik-Sen Lim,0
nm0447353,Polly Kemp,0
nm3761559,Alexander Bracq,2
nm5392085,Joseph West,0
nm0569416,Geoffrey McGivern,2
nm0909608,Dearbhla Walsh,0
nm0000182,Jennifer Lopez,1
nm5176624,Priscilla Porianda,0
nm0326063,Elaine Goldsmith-Thomas,1
nm0575656,Benny Medina,2
nm0134922,Peter Capaldi,2
nm0924210,Ben Whishaw,2
nm0002091,Michael Gambon,2
nm0001767,Imelda Staunton,1
nm1020089,Sally Hawkins,1
nm0910278,Julie Walters,1
nm0095017,Hugh Bonneville,2
nm0000980,Jim Broadbent,2
nm0524240,Matt Lucas,2
nm0455057,Matt King,2
nm4575328,Samuel Joslin,0
nm6620079,Daniel Westwood,0
nm0171015,Dominic Coleman,0
nm1375030,Simon Farnaby,2
nm4189049,Madeleine Harris,0
nm0236071,Tim Downie,2
nm1002209,Madeleine Worrall,1
nm5390029,Lottie Steer,0
nm0658244,Geoffrey Palmer,2
nm0914902,Theresa Watson,0
nm1286491,Michael Bond,0
nm4643221,Jude Wright,0
nm1315378,Kayvan Novak,2
nm0626566,Eddie Nestor,0
nm0593395,Iain Mitchell,0
nm2208196,Jonathan Derbyshire,0
nm0741192,Mary Roscoe,0
nm0317275,Llewella Gideon,1
nm5261572,Tarik Blake,0
nm0090226,Ross Boatman,2
nm1361530,Steve Oram,0
nm1360283,Tom Meeten,2
nm1546686,Alice Lowe,1
nm0810337,Will Smith,2
nm1668745,Toby Williams,0
nm1343486,Catherine Shepherd,0
nm2375311,Javier Marzan,0
nm2638532,Sean Bridgeman,0
nm1517523,Justin Edwards,2
nm0843266,Cleo Sylvestre,0
nm1476321,Gus Brown,0
nm1257480,Rufus Jones,0
nm0352901,Kenneth Hadley,0
nm0004127,David McKail,2
nm0045480,James Bachman,2
nm1222917,Steve Edge,0
nm4327150,Barry Ashton,0
nm4298666,Lauren Barrand,0
nm5195435,Ancuta Breaban,1
nm5219130,Asim Chaudhry,0
nm0171625,Bern Collaco,0
nm6102172,Faith Elizabeth,0
nm5153722,Nigel Genis,0
nm7254255,Kornelia Horvath,1
nm3079422,Denis Khoroshko,0
nm6501784,Shaz Lancaster,0
nm1088528,Jim Lawrence,0
nm5360921,Stuart Matthews,0
nm3717498,Matthew David McCarthy,0
nm1675336,George Newton,2
nm5557500,Jack Philips,0
nm5507287,Fabio Vollono,0
nm4914253,Julie Vollono,0
nm4880315,Vic Waghorn,0
nm1503726,Paul King,2
nm0382268,David Heyman,2
nm0386650,Michael Hirsh,0
nm0010736,Amy Adams,1
nm1269983,Krysten Ritter,1
nm0396812,Danny Huston,2
nm0005403,Jason Schwartzman,2
nm0000654,Terence Stamp,2
nm0689237,Jon Polito,2
nm5947387,Farryn VanHumbeck,1
nm4350371,Emily Fonda,1
nm5865422,Delaney Raye,1
nm4699715,Madeleine Arthur,1
nm0756839,James Saito,2
nm1304907,Guido Furlani,2
nm2649203,Elisabetta Fantone,1
nm3125251,Darren Dolynski,2
nm1660138,David Milchard,2
nm2979804,Emily Maddison,0
nm0152313,Brent Chapman,2
nm1705724,Jill Morrison,1
nm2086012,Leela Savasta,1
nm3957563,Stephanie Bennett,1
nm4638483,Andrea Bucko,0
nm1527475,Aaron Craven,2
nm0465959,Michael Kopsa,2
nm0410127,Brittney Irvin,1
nm2254636,Matthew Kevin Anderson,2
nm1366553,Pomaika'i Brown,0
nm1706719,Julie Johnson,1
nm0217751,Deni DeLory,0
nm1976541,Heather Doerksen,1
nm1339610,Eliza Norbury,1
nm0562314,Patricia Mayen-Salazar,1
nm0017167,Tony Alcantar,2
nm0132844,Sean Campbell,2
nm2922677,Fiona Vroom,0
nm0000318,Tim Burton,2
nm1987578,Lynette Howell,0
nm0018735,Scott Alexander,2
nm0438989,Larry Karaszewski,2
nm0292390,Katterli Frauenfelder,0
nm0294553,Derek Frey,2
nm1364232,Jamie Patricof,0
nm0001780,Peter Stormare,2
nm0020751,Laura Allen,1
nm1176867,Elizabeth Whitmere,1
nm4680692,Christian Distefano,0
nm0531788,John MacDonald,0
nm0787825,Chuck Shamata,2
nm1022918,Andy Powers,0
nm2733641,Sarah Scheffer,0
nm1393956,Claudia Jurt,1
nm1873018,Matthew Stefiuk,0
nm1952213,Robert Reynolds,0
nm0022872,Allen Altman,2
nm0832821,Brandon Stouffer,0
nm3442411,Jodi Larratt,1
nm4050931,Abigail Lieff,0
nm4849732,Jocelyn Deighton,0
nm6208628,Amy Balaton,0
nm0744834,Eli Roth,2
nm2291162,Cody Ryder,0
nm0580005,Robert Menzies,2
nm1003922,Brian Oliver,2
nm1218281,Jon Watts,2
nm0931329,Michelle Williams,1
nm0000218,Kristin Scott Thomas,1
nm0774386,Matthias Schoenaerts,2
nm0727165,Sam Riley,2
nm2235721,Ruth Wilson,1
nm0933727,Lambert Wilson,2
nm3053338,Margot Robbie,1
nm0910040,Harriet Walter,1
nm0391600,Clare Holman,1
nm0277525,Deborah Findlay,1
nm1101713,Eric Godon,0
nm0728795,Paul Ritter,2
nm0149616,Nicolas Chagrin,2
nm0825231,Bernice Stegers,1
nm0272224,Heino Ferch,2
nm0244954,Simon Dutton,0
nm0448712,Diana Kent,1
nm2953208,Martin Swabey,0
nm1314116,Saul Dibb,2
nm4131020,Matt Charman,0
nm0117599,Romain Brémond,0
nm1095938,Andrea Cornwell,0
nm0474138,Michael Kuhn,2
nm0545421,Xavier Marchand,2
nm0000620,Mickey Rourke,2
nm0004695,Jessica Alba,1
nm0000982,Josh Brolin,2
nm0330687,Joseph Gordon-Levitt,2
nm0206257,Rosario Dawson,1
nm0000246,Bruce Willis,2
nm1200692,Eva Green,1
nm0000959,Powers Boothe,2
nm0371660,Dennis Haysbert,2
nm0000501,Ray Liotta,2
nm0005221,Christopher Meloni,2
nm0005315,Jeremy Piven,2
nm0000502,Christopher Lloyd,2
nm0454809,Jaime King,1
nm1017334,Juno Temple,1
nm0190744,Marton Csokas,2
nm0161980,Jude Ciccolella,2
nm1512166,Jamie Chung,1
nm3078932,Lady Gaga,1
nm0891786,Alexa PenaVega,1
nm3400186,Julia Garner,1
nm3046228,Billy Blair,2
nm0735466,Patricia Vonne,1
nm2429968,Bart Fletcher,0
nm1413209,Alejandro Rose-Garcia,0
nm4692308,Samuel Davis,2
nm6697496,Mike Davis,0
nm2264658,Kimberly Cox,0
nm0224832,Alcides Dias,0
nm4527064,Vincent Fuentes,0
nm4766571,Rob Franco,0
nm4167739,Daylon Walton,0
nm0110433,Eloise DeJoria,1
nm1060552,Bob Schreck,2
nm0890073,Lawrence Varnado,0
nm1281943,Jimmy Gonzales,2
nm0870211,Tommy Townsend,2
nm0521519,Robert Lott,2
nm2552460,Gregory Kelly,0
nm4577760,Patrick Sane,0
nm1862555,Greg Ingram,2
nm1080718,Will Beinbrink,2
nm3606871,Dimitrius Pulido,0
nm2734003,John Wirt,0
nm2062601,Emmy Robbin,0
nm1788724,Luis Albert Acevedo Jr.,0
nm1712435,Christian Bowman,0
nm0719736,Johnny Reno,2
nm5555747,Callie Hernandez,1
nm0588340,Frank Miller,2
nm0001675,Robert Rodriguez,2
nm3703488,Sergei Bespalov,0
nm2721926,Aaron Kaufman,0
nm1655017,Stephen L'Heureux,0
nm4808284,Mark C. Manuel,0
nm0000313,Jeff Bridges,2
nm0000658,Meryl Streep,1
nm4154798,Brenton Thwaites,2
nm3843467,Odeya Rush,1
nm0002907,Alexander Skarsgård,2
nm2357847,Taylor Swift,1
nm4590173,Emma Tremblay,0
nm2619272,Katharina Damm,0
nm6673560,Alexander Jillings,2
nm6673561,James Jillings,0
nm6673562,Jordan Nicholas Smal,0
nm6673563,Saige Fernandes,0
nm1998656,Renate Stuurman,0
nm0177505,Vanessa Cooke,0
nm0925803,John Whiteley,2
nm2107972,Kira Wilkinson,0
nm6085680,Meganne Young,0
nm4262886,Thabo Rametsi,0
nm6581506,Vaughn Lucas,0
nm6673564,Jaime Coue,0
nm0563070,Jefferson Mays,2
nm0637518,Phillip Noyce,2
nm0462867,Neil Koenigsberg,0
nm0004332,Robert B. Weide,0
nm4025993,Scooter Braun,2
nm3614913,Zoey Deutch,1
nm4867258,Lucy Fry,0
nm1572716,Danila Kozlovsky,2
nm4123601,Dominic Sherwood,2
nm1385871,Olga Kurylenko,1
nm0000321,Gabriel Byrne,2
nm3774109,Sami Gayle,1
nm0405103,Sarah Hyland,1
nm2946516,Claire Foy,1
nm5685205,Edward Holcroft,2
nm4415419,Chris Mason,2
nm0670222,Ben Peel,0
nm0000613,Joely Richardson,1
nm4625680,Dominique Tipper,1
nm0863130,Ramon Tikaram,2
nm1589180,Shelley Longworth,0
nm1454097,Rory Fleck-Byrne,0
nm0174203,Elizabeth Conboy,0
nm4308680,Ryan Prescott,0
nm0914134,Mark Waters,2
nm0914058,Daniel Waters,2
nm1848205,Susan Montford,1
nm0623235,Deepak Nayar,2
nm0695804,Michael Preger,2
nm0875736,Jessica Tuchinsky,1
nm0000210,Julia Roberts,1
nm0177933,Chris Cooper,2
nm0553269,Margo Martindale,1
nm0001731,Sam Shepard,2
nm0000551,Dermot Mulroney,2
nm0629855,Julianne Nicholson,1
nm0000496,Juliette Lewis,1
nm1113550,Abigail Breslin,1
nm1130728,Misty Upham,0
nm5344262,Will Coffey,0
nm0018646,Newell Alexander,2
nm0821466,Jerry Stahl,2
nm0245653,Dale Dye,2
nm0020594,Ivan Allen,2
nm0587920,Arlin Miller,0
nm4312346,J. Alan Davidson,0
nm5583700,Maria Gus,0
nm0504832,Tracy Letts,2
nm0000123,George Clooney,2
nm0235389,Jean Doumanian,1
nm0381416,Grant Heslov,2
nm4391997,Steve Traxler,2
nm3789989,Alexandra Roach,1
nm0000538,Colm Meaney,2
nm0740383,Jemima Rooper,1
nm0188871,Mackenzie Crook,2
nm1571439,Trystan Gravelle,2
nm0654267,Sion Tudor Owen,2
nm1276507,Alex MacQueen,0
nm1489831,Miriam Lucia,0
nm0291205,David Frankel,2
nm0951698,Justin Zackham,2
nm1325419,Kristen Wiig,1
nm2794962,Hailee Steinfeld,1
nm0001602,Guy Pearce,2
nm0001441,Christine Lahti,1
nm0000560,Nick Nolte,2
nm1783541,Liza Johnson,0
nm1729394,Mark Poirier,2
nm2216463,Robert Ogden Barnum,0
nm2918260,Michael Benaroya,2
nm0255891,Cassian Elwes,2
nm0001507,Cheech Marin,2
nm0001045,Tommy Chong,2
nm0159081,Shelby Chong,1
nm3525344,Jimmy Root,0
nm0001372,Bonnie Hunt,1
nm0378245,Taraji P. Henson,1
nm3276023,Alexander Asefa,0
nm1103162,Tim Story,2
nm0000358,Daniel Day-Lewis,2
nm0004851,Penélope Cruz,1
nm0000047,Sophia Loren,1
nm0005028,Kate Hudson,1
nm0004914,Fergie,1
nm0865573,Ricky Tognazzi,2
nm0162281,Enzo Cilenti,2
nm0147794,Giuseppe Cederna,2
nm0314554,Elio Germano,0
nm0224331,Andrea Di Stefano,1
nm0633507,Roberto Nobile,2
nm0551128,Rob Marshall,2
nm0866062,Michael Tolkin,2
nm0686887,Marc Platt,2
nm1093951,Aaron Taylor-Johnson,2
nm0240359,Anne-Marie Duff,1
nm0861915,David Threlfall,2
nm0607375,David Morrissey,2
nm1032473,Thomas Brodie-Sangster,2
nm3017284,Josh Bolt,2
nm1166041,Ophelia Lovibond,1
nm2217601,Andrew Buchan,0
nm1380882,Jack McElhone,2
nm3542813,Sam Bell,2
nm0862918,Colin Tierney,0
nm0077127,Robert Bernstein,2
nm3189075,Jon Diamond,2
nm0368206,Tim Haslam,2
nm0002941,Kevin Loader,2
nm0339043,Matt Greenhalgh,2
nm0853374,Sam Taylor-Johnson,1
nm0001084,Ice Cube,2
nm0258402,Mike Epps,2
nm2061923,Young Jeezy,0
nm0522307,Darris Love,2
nm0575339,Julio Oscar Mechoso,2
nm1807170,Lil' JJ,2
nm0687625,Glenn Plummer,2
nm0421188,Juanita Jennings,1
nm0942193,Aloma Wright,1
nm1821184,Jowharah Jones,0
nm0005067,Tamala Jones,1
nm3091050,Leland White,0
nm1840504,Tiffany Haddish,1
nm1048560,Marcus Raboy,0
nm0148418,Michael Cera,2
nm0519043,Justin Long,2
nm0000114,Steve Buscemi,2
nm0310966,Ari Graynor,1
nm0234668,Portia Doubleday,1
nm0461712,Erik Knudsen,0
nm2290876,Adhir Kalyan,2
nm0929609,Fred Willard,2
nm3409275,Jade Fusco,0
nm3710855,Lise Lacasse,0
nm0001826,M. Emmet Walsh,2
nm0005316,Mary Kay Place,1
nm2822739,Jonathan B. Wright,2
nm0037708,Miguel Arteta,2
nm1122978,Gustin Nash,0
nm0674303,David Permut,2
nm0601619,Michael Moore,2
nm0000301,Thora Birch,1
nm3398139,William Black,2
nm3067972,Elijah Cummings,2
nm3207659,Baron Hill,2
nm3493863,Marcy Kaptur,0
nm0001728,Wallace Shawn,2
nm2143891,Elizabeth Warren,0
nm4261441,Peter Zalewski,0
nm0174021,Scout Taylor-Compton,1
nm0600667,Sheri Moon Zombie,1
nm0541932,Tyler Mane,2
nm3101175,Chase Wright Vanek,2
nm0000374,Brad Dourif,2
nm0000532,Malcolm McDowell,2
nm1640326,Angela Trimbur,1
nm0364583,Danielle Harris,1
nm0930226,Caroline Williams,1
nm0924261,Duane Whitaker,2
nm2175732,Betsy Rue,1
nm0871393,Greg Travis,2
nm0946148,"""Weird Al"" Yankovic",2
nm0362534,Chris Hardwick,2
nm0923490,Sean Whalen,2
nm0452288,Margot Kidder,1
nm0818055,Octavia Spencer,1
nm2647420,Brea Grant,1
nm1499462,Sylvia Jefferies,1
nm0325943,Diane Ayala Goldner,0
nm1764351,Nicky Whelan,1
nm0245696,Catherine Dyer,1
nm0130502,Dayton Callie,2
nm0104114,Richard Brake,2
nm0726223,Richard Riehle,2
nm0101997,Adam Boyer,2
nm0083487,Mary Birdsong,1
nm0095478,Mark Boone Junior,2
nm0680489,Jeff Daniel Phillips,0
nm0736263,Daniel Roebuck,2
nm0593734,Silas Weir Mitchell,2
nm0265067,Bill Fagerbakke,2
nm0193551,Robert Curtis Brown,2
nm2331759,Renae Geerlings,0
nm0492924,Mark Christopher Lawrence,2
nm1926948,Matt Bush,2
nm3582097,Jesse Dayton,0
nm0226326,Eileen Dietz,1
nm0957772,Rob Zombie,2
nm0015443,Malek Akkad,0
nm0332308,Andy Gould,2
nm0000093,Brad Pitt,2
nm0491259,Mélanie Laurent,1
nm1208167,Diane Kruger,1
nm0001709,Til Schweiger,2
nm0121972,Gedeon Burkhard,0
nm1784515,Jacky Ido,0
nm2374829,Omar Doom,0
nm0225944,August Diehl,0
nm1616970,Denis Ménochet,0
nm0343857,Sylvester Groth,2
nm0943487,Martin Wuttke,2
nm0000196,Mike Myers,2
nm0237838,Julie Dreyfus,1
nm2244205,Léa Seydoux,1
nm0759898,Richard Sammel,2
nm2356421,Alexander Fehling,2
nm0001792,Rod Taylor,2
nm0505949,Samm Levine,2
nm1770256,Paul Rust,2
nm0045209,Michael Bacall,2
nm0777912,Arndt Schwering-Sohnrey,2
nm0367265,Petra Hartung,1
nm1796924,Volker Michalowski,2
nm0241222,Ken Duken,2
nm0075321,Christian Berkel,2
nm1663883,Anne-Sophie Franck,0
nm0735270,Tina Rodriguez,0
nm3409165,Lena Friedrich,1
nm0657822,Jana Pallaske,1
nm0512050,Wolfgang Lindner,0
nm2947895,Michael Kranz,2
nm0090674,Rainer Bock,2
nm0672422,André Penvern,0
nm1389891,Sebastian Hülk,2
nm0366179,Buddy Joe Hooker,2
nm1504980,Sönke Möhring,2
nm0275738,Carlos Fidel,2
nm0251462,Hilmar Eichhorn,2
nm2267576,Patrick Elias,2
nm1031014,Eva Löbau,1
nm3467308,Salvadore Brandt,2
nm3558935,Jasper Linnewedel,0
nm0387826,Wilfried Hochholdinger,2
nm0320703,Olivier Girard,0
nm0770429,Michael Scheel,0
nm0686563,Leo Plank,2
nm2079653,Andreas Tietz,0
nm0004149,Bo Svenson,2
nm0144758,Enzo G. Castellari,2
nm0117673,Christian Brückner,0
nm0271578,Bela B.,2
nm3072577,Noemi Besedes,1
nm0136563,Hélène Cardona,0
nm0304948,Jake Garber,0
nm0711890,Sabrina Rattey,0
nm1048635,Alex Boden,0
nm0299706,Guido Föhrweißer,2
nm0000172,Harvey Keitel,2
nm3598310,Andrew Napier,2
nm0630524,Gregory Nicotero,2
nm1101058,Vitus Wieser,0
nm5446636,Daniela Schwerdt,1
nm0004744,Lawrence Bender,2
nm0680595,Lloyd Phillips,2
nm1460251,Erica Steinberg,1
nm0000148,Harrison Ford,2
nm0000171,Ashley Judd,1
nm0836343,Jim Sturgess,2
nm0193295,Cliff Curtis,2
nm0103797,Alice Braga,1
nm1404408,Alice Eve,1
nm1974397,Summer Bishil,1
nm0005283,Jacqueline Obradors,1
nm2014390,Justin Chon,1
nm2580087,Melody Zara,0
nm2030828,Merik Tadros,0
nm1083404,Sarah Shahi,1
nm0135221,Lizzy Caplan,1
nm0991810,Mahershala Ali,2
nm0469694,Wayne Kramer,2
nm1023127,Jenny Wade,1
nm0458514,Martin Klebba,2
nm0519454,Juan Longoria García,0
nm0347659,Tom Gulager,0
nm0347656,Clu Gulager,2
nm0625482,John Allen Nelson,2
nm0347657,John Gulager,2
nm0403134,Sam Huntington,0
nm0549815,Chris Marquette,2
nm0283945,Dan Fogler,2
nm0059431,Jay Baruchel,2
nm0068338,Kristen Bell,1
nm0736622,Seth Rogen,2
nm0000638,William Shatner,2
nm0000402,Carrie Fisher,1
nm0839486,Ethan Suplee,2
nm0001520,Christopher McDonald,2
nm0001803,Danny Trejo,2
nm0001850,Billy Dee Williams,0
nm0003620,Kevin Smith,2
nm0582939,Jason Mewes,2
nm1018295,Zak Knutson,2
nm0661917,Ray Park,2
nm0287182,Will Forte,2
nm0732497,Craig Robinson,2
nm1472005,Charlie B. Brown,2
nm1872782,Allie Grant,0
nm0516266,Joe Lo Truglio,2
nm0760923,Clark Sanchez,2
nm1144419,Danny McBride,2
nm1381100,Kyle Newman,2
nm2094392,Ernest Cline,2
nm1104057,Adam F. Goldberg,2
nm0000701,Kate Winslet,1
nm0000146,Ralph Fiennes,2
nm1269088,David Kross,0
nm0000565,Lena Olin,1
nm0004486,Bruno Ganz,2
nm0354198,Jeanette Hain,1
nm0381342,Hannah Herzsprung,1
nm0378932,Karoline Herfurth,1
nm1432815,Volker Bruch,2
nm0487884,Alexandra Maria Lara,1
nm0123974,Fabian Busch,2
nm1021460,Vijessna Ferkic,0
nm0521443,Susanne Lothar,1
nm0352278,Matthias Habich,2
nm0458460,Burghart Klaußner,2
nm0850618,Jürgen Tarrach,2
nm1921479,Florian Bartholomäi,2
nm2185299,Moritz Grove,0
nm0088744,Kirsten Block,1
nm0111203,Margarita Broich,1
nm0344276,Marie Gruber,1
nm0104180,Martin Brambach,2
nm0031311,Carmen-Maja Antoni,1
nm0360515,Heike Hanold-Lynch,0
nm0197636,Stephen Daldry,2
nm0002376,David Hare,2
nm0005237,Anthony Minghella,2
nm0317642,Donna Gigliotti,1
nm0606877,Redmond Morris,2
nm0001628,Sydney Pollack,2
nm1604339,Logan McPherson,2
nm1595050,Danielle Lewis,1
nm3775121,Jarrod Young,0
nm0001471,Jerry Lewis,2
nm0068166,Drake Bell,2
nm0238546,Brian Drummond,2
nm0290075,Andrew Francis,2
nm0820548,Tabitha St. Germain,1
nm6439717,Paul Taylor,2
nm0656707,George Paige,0
nm0514569,Gregory R. Little,2
nm0592684,Rick Mischel,0
nm1715275,Noureen DeWulf,1
nm2398694,Karley Scott Collins,1
nm0835045,Rider Strong,2
nm0277355,Brittany Finamore,1
nm1142587,Georgina Rylance,1
nm0317315,Todd Giebenhain,2
nm0695087,William Prael,2
nm1310192,Snowy Highfield,0
nm2281637,Dodie Brown,0
nm0147312,Laura Cayouette,1
nm0494999,Michael Leahy,2
nm0802081,Anant Singh,2
nm0812373,Joel Soisson,2
nm0000178,Diane Lane,1
nm0005048,Thomas Jane,2
nm1682412,Brandon McGibbon,0
nm0309995,Peter Kelly Gaudreault,2
nm1859485,Michelle Arvizu,1
nm0954999,Richard Zeppieri,0
nm1922377,Alexis Butler,0
nm0001358,Hal Holbrook,2
nm0332917,Robert Gow,0
nm0371588,Catherine Hayos,0
nm1349097,Craig Blair,0
nm0220198,Lynne Deragon,1
nm2640881,DTeflon,2
nm0006960,John Madden,0
nm0024925,Hossein Amini,0
nm0001465,Elmore Leonard,2
nm0694551,Jim Powers,0
nm0002833,David Webb,2
nm0005170,Bernie Mac,2
nm0495095,Sharon Leal,1
nm2012635,Adam Herschman,2
nm0005003,Sean Hayes,2
nm1649714,Affion Crockett,2
nm1382877,Jackie Long,2
nm1775466,John Legend,2
nm0005002,Isaac Hayes,2
nm0002040,Vanessa del Rio,1
nm0205772,Ken Davitian,2
nm0177639,Jennifer Coolidge,1
nm0425281,Jackie Johnson,1
nm0002700,Malcolm D. Lee,2
nm0709070,Robert Ramsey,2
nm0832043,Matthew Stone,2
nm0000056,Paul Newman,2
nm0133899,Guillaume Canet,2
nm1435800,James Honeyborne,0
nm0051397,Jamie Bamber,2
nm0088502,Boti Bliss,1
nm0307600,Lee Garlington,1
nm1271019,Rachel Robinson,0
nm2751321,Andy Martin,0
nm0854757,Claudia Templeton,1
nm0569126,Robin McGee,0
nm0416532,Grant James,2
nm3208233,Vincent Rice,0
nm2125788,Kent Jude Bernard,2
nm2493443,Cassie Shea Watson,1
nm0531333,Marc Macaulay,2
nm2333144,Josh Blue,2
nm0006969,Elizabeth Banks,1
nm0777059,Jennifer Schwalbach Smith,0
nm0066144,Gerry Bednob,2
nm0000183,Traci Lords,1
nm0746125,Brandon Routh,2
nm0026879,Jeff Anderson,2
nm0132896,Tisha Campbell-Martin,1
nm0767741,Tom Savini,2
nm0004192,Kenny Hotz,2
nm1025704,Katie Morgan,1
nm0608714,Scott Mosier,2
nm0306802,Carla Gardini,1
nm1551130,Keke Palmer,1
nm0810103,Tasha Smith,1
nm0428382,Jill Marie Jones,1
nm0005231,Dash Mihok,2
nm0002023,Matt Craven,2
nm0606541,Garrett Morris,2
nm1821410,Chloe Bridges,1
nm2913275,Debby Ryan,1
nm0329511,Malcolm Goodwin,2
nm0173485,Michael Colyar,2
nm0247456,Earthquake,2
nm1967269,Hugo Perez,0
nm2655177,Caleb Landry Jones,2
nm2492243,Kofi Siriboe,2
nm1932193,Zorianna Kit,0
nm1496115,Sophia Taylor Ali,1
nm0004890,Fred Durst,2
nm0668139,Sara Paxton,1
nm0000558,Leslie Nielsen,2
nm0001787,Jeffrey Tambor,2
nm0000097,Pamela Anderson,1
nm0005385,Marion Ross,1
nm1218621,Ryan Hansen,2
nm0202966,Keith David,2
nm0431451,Robert Joy,2
nm0001332,Robert Hays,2
nm0005474,Nicole Sullivan,1
nm2856538,Sam Cohen,0
nm0605079,Tracy Morgan,2
nm0000653,Brent Spiner,2
nm0563301,Craig Mazin,2
nm0919154,Robert K. Weiss,2
nm0001878,David Zucker,2
nm0825569,Matthew Stein,2
nm0005405,Seann William Scott,2
nm0000604,John C. Reilly,2
nm0278979,Jenna Fischer,1
nm0000666,Lili Taylor,1
nm0004743,Gil Bellows,2
nm0327779,Rick Gonzalez,2
nm0553440,Adrian Martinez,2
nm0035488,Fred Armisen,2
nm0134072,Bobby Cannavale,2
nm1199811,Masi Oka,2
nm0000867,Jason Bateman,2
nm2439800,Ithamar Enriquez,2
nm2366264,Nathan Geist,0
nm0175726,Steve Conrad,2
nm0001083,Jon Cryer,2
nm0004951,Brad Garrett,2
nm0001872,Steve Zahn,2
nm0444786,Tom Kenny,2
nm0048514,Howard Baker,2
nm0004748,Julie Benz,1
nm0550452,Matthew Marsden,2
nm1274545,Reynaldo Gallegos,2
nm0478403,Jake La Botz,2
nm1085727,Tim Kang,2
nm2678196,Aung Aay Noi,2
nm0776584,Paul Schulze,2
nm0397432,Ken Howard,2
nm0574615,Graham McTavish,2
nm0669212,Cameron Pearson,0
nm2880249,Thomas Peterson,0
nm2879107,Tony Skarberg,0
nm0999139,James With,2
nm2879982,Shaliew 'Lek' Bamrungbun,0
nm2878863,Kasikorn Niyompattana,0
nm0599393,Art Monterastelli,2
nm0503592,Avi Lerner,2
nm0860315,John Thompson,2
nm0227234,Danny Dimbort,2
nm0203246,Boaz Davidson,2
nm0795121,Trevor Short,2
nm0854772,Kevin King Templeton,0
nm0088756,Peter Block,2
nm0256542,Randall Emmett,2
nm1410838,Jon Feltheimer,0
nm0298915,George Furla,2
nm1837423,Florian Lechner,0
nm0858077,Andreas Thiesmeyer,2
nm0084114,Larry Bishop,2
nm0050156,Eric Balfour,2
nm0000454,Dennis Hopper,2
nm0007237,Leonor Varela,1
nm0001016,David Carradine,2
nm0004729,Michael Beach,2
nm0005068,Vinnie Jones,2
nm0005331,Francesco Quinn,2
nm1141576,Cassandra Hepburn,0
nm0397940,Kanin Howell,2
nm0825630,Shana Stein,0
nm0825790,Michael Steinberg,2
nm0000243,Denzel Washington,2
nm1676649,Nate Parker,2
nm1091701,Denzel Whitaker,2
nm0253708,Kimberly Elise,1
nm0930892,Jermaine Williams,2
nm0712406,Gina Ravera,1
nm0001334,John Heard,2
nm2154316,Devyn A. Tyler,0
nm2779780,Trenton McClain Boyd,0
nm0599907,Ritchie Montgomery,2
nm0907808,Jackson Walker,2
nm0660986,Tim Parati,2
nm1420281,Robert X. Golphin,2
nm1495175,Justice Leak,0
nm1412974,Glen Powell,2
nm2042898,Brad Watkins,0
nm0806875,Brian Smiar,0
nm0495023,Damien Leake,2
nm2753698,Voltaire Sterling,0
nm2728757,Stephen Rider,0
nm0200420,Gordon Danniels,0
nm1485940,Donny Boaz,0
nm2079143,Samuel Elliott Whisnant,0
nm0176922,Bonnie Johnson,1
nm1265096,Charissa Allen,1
nm2689261,Michael Beasley,2
nm2869677,Gary Mathis,0
nm0933447,Georges Wilson,2
nm1263537,Fahnlohnee R. Harris,0
nm0262817,Harold Evans,2
nm0263625,J.D. Evermore,2
nm1392716,Sharon Jones,0
nm2326120,Kelvin Payton,2
nm2121280,Southey Blanton,0
nm0560368,Michael Mattison,2
nm2871538,Jeff Braun,0
nm2872072,Milton R. Gipson,0
nm0725975,Frank Ridley,0
nm1422549,Jeremiah Kissel,0
nm0705794,Jack Radosta,0
nm1382124,Alvin Youngblood Hart,0
nm2871734,Dom Flemons,2
nm2871962,Rhiannon Giddens,1
nm2872215,Ahmad Powell,0
nm0114177,Marcus Lyle Brown,2
nm0188396,David Crockett,2
nm0287164,Kate Forte,1
nm0005387,Joe Roth,0
nm0001856,Oprah Winfrey,1
nm0159789,Hayden Christensen,2
nm0005024,Terrence Howard,2
nm2166833,Charlie Hewson,0
nm0730168,Sam Robards,2
nm0397124,Arliss Howard,2
nm0001770,Fisher Stevens,2
nm1312338,Georgina Chapman,1
nm1092086,David Harbour,2
nm1230678,Court Young,2
nm1567198,Poorna Jagannathan,1
nm1756030,Steven Hinkle,2
nm0939213,Lee Wong,2
nm0769544,Brenda Schad,1
nm0641354,Denis O'Hare,2
nm0458462,Ross Klavan,2
nm1703612,Joby Harold,0
nm0895903,Joana Vicente,1
nm0459852,Jason Kliot,2
nm0006597,John Penotti,2
nm0001315,Marcia Gay Harden,1
nm0390229,Laurie Holden,1
nm0105672,Andre Braugher,2
nm0429363,Toby Jones,2
nm0006669,William Sadler,2
nm0218810,Jeffrey DeMunn,0
nm0827973,Frances Sternhagen,1
nm1997480,Nathan Gamble,2
nm1111968,Alexa Davalos,1
nm0654104,Chris Owen,2
nm1022429,Samuel Witwer,2
nm0872354,Robert C. Treveiler,2
nm0003861,David Jensen,2
nm0564350,Melissa McBride,1
nm0821436,Andy Stahl,2
nm0852076,Buck Taylor,2
nm1938755,Jackson Hurst,2
nm0508742,Brian Libby,0
nm0539381,Susan Malerstein,0
nm0339472,Mathew Greer,0
nm1294178,Juan Gabriel Pareja,2
nm2258450,Walter Fauntleroy,0
nm1514763,Amin Joseph,0
nm0172439,Kelly Collins Lintz,1
nm0709598,Ginnie Randall,0
nm1390793,Tiffany Morgan,0
nm0908446,Kim Wall,1
nm0147814,Julio Cedillo,2
nm0809806,Ron Clinton Smith,0
nm0106381,Gregg Brazzel,2
nm0025181,Jay Amor,0
nm0063910,Kevin Beard,2
nm2885597,Jimmy Lee Jr.,0
nm1620521,Derek Cox-Berg,0
nm0473873,Cherami Leigh,1
nm2467078,Ted Ferguson,2
nm0381043,Louis Herthum,2
nm2378090,Eric Kelly McFarland,0
nm0001104,Frank Darabont,2
nm0323065,Liz Glotzer,1
nm1040337,Denise M. Huth,0
nm0725147,Randi Richmond,0
nm0136743,Anna Garduno,0
nm0764552,Richard Saperstein,2
nm0593664,Radha Mitchell,1
nm0890232,Michael Vartan,2
nm0941777,Sam Worthington,2
nm1985859,Mia Wasikowska,1
nm0193135,Stephen Curry,2
nm0409850,Celia Ireland,1
nm0418877,John Jarratt,2
nm0606255,Geoff Morrell,2
nm0724483,Damien Richardson,2
nm0853079,Robert Taylor,2
nm0593383,Heather Mitchell,1
nm0572562,Greg McLean,2
nm0891641,Eddie Vedder,2
nm1601789,Robert Ellis Orrall,0
nm0247351,Steve Earle,0
nm3773499,Celeste Zappala,0
nm3781869,Eric Blickenstaff,0
nm3773535,Anthony Pietsch,0
nm1679504,Dante Zappala,0
nm2728996,Tim Goodrich,0
nm1682747,Abdul Henderson,0
nm3773618,Bill Scragg,0
nm3773507,Fred D'Amato,0
nm3780707,Mike Hoffman,0
nm2600072,Peter Buck,0
nm0005468,Michael Stipe,2
nm1822634,Joe Vogel,0
nm3781787,Jeff Champagne,0
nm0001926,Joan Baez,1
nm0001557,Viggo Mortensen,2
nm3773575,Princeton Lyman,0
nm3780842,John Brown,0
nm1732375,Corrine Brown,0
nm3780505,Anne Wright,0
nm0825887,Gloria Steinem,2
nm0603780,Tom Morello,0
nm0001683,Roseanne Barr,1
nm0359029,Monica Hampton,1
nm1698761,Daeg Faerch,1
nm0001235,William Forsythe,2
nm1640351,Kristina Klebe,1
nm0001424,Udo Kier,2
nm1711114,Skyler Gisondo,2
nm0869981,Tom Towles,2
nm0608405,Bill Moseley,0
nm0247579,Leslie Easterbrook,1
nm0528433,Richard Lynch,2
nm0854702,Lew Temple,2
nm0804361,Pat Skipper,2
nm0286010,Ken Foree,2
nm0000356,Sybil Danning,1
nm0004880,Micky Dolenz,0
nm0354085,Sid Haig,2
nm0355632,Hanna Hall,1
nm0908914,Dee Wallace,1
nm0102365,Steve Boyles,0
nm0397212,Clint Howard,2
nm1642115,Jenny Gregg Stewart,0
nm0918838,Adam Weisman,2
nm2753705,Sydnie Pitzer,0
nm2753709,Myla Pitzer,0
nm2753710,Stella Altman,0
nm1426298,Max Van Ville,0
nm1197383,Nick Mennell,2
nm0754512,Daryl Sabara,2
nm0037118,Richmond Arquette,2
nm0000118,John Carpenter,2
nm0384185,Debra Hill,1
nm0424060,Scarlett Johansson,1
nm0001473,Laura Linney,1
nm1357069,Nicholas Art,0
nm0262635,Chris Evans,2
nm0316079,Paul Giamatti,2
nm0614220,Donna Murphy,1
nm1006024,Alicia Keys,1
nm0731286,Judith Roberts,1
nm2226071,Alison Wright,1
nm1682319,Nate Corddry,0
nm0075849,Shari Springer Berman,1
nm0700301,Robert Pulcini,2
nm0937714,Dany Wolf,2
nm1163710,Kelly Carmichael,0
nm2436587,Mick Partridge,0
nm0092216,Big Boi,2
nm0791868,Sherri Shepherd,1
nm1211443,Lil Wayne,2
nm1429102,Andy Milonakis,2
nm0522324,Faizon Love,2
nm0187719,Terry Crews,2
nm0185272,Tony Cox,2
nm0000470,Jeffrey Jones,2
nm0043041,James Avery,2
nm0666806,Don Michael Paul,2
nm0000535,Rose McGowan,1
nm0004710,Naveen Andrews,2
nm0000299,Michael Biehn,2
nm0001194,Jeff Fahey,2
nm0005420,Marley Shelton,1
nm0235103,Jason Douglas,0
nm0002230,Carlos Gallardo,2
nm0662981,Michael Parks,2
nm0135585,Freddy Rodríguez,2
nm1943565,Rebel Rodriguez,0
nm0733162,Troy Robinson,2
nm0042882,Elizabeth Avellan,1
nm0000131,John Cusack,2
nm0005203,Mary McCormack,1
nm1278365,Jasmine Jessica Anthony,1
nm0001724,Tony Shalhoub,2
nm2680682,Alexandra Silber,1
nm2618314,Emily Harvey,1
nm0546664,Noah Lee Margetts,2
nm0035628,William Armstrong,2
nm0083307,Paul Birchard,2
nm0500065,Margot Leicester,1
nm1665358,Angel Oquendo,2
nm0583534,Eric Meyers,2
nm1053380,Johann Urb,2
nm0498517,Andrew-Lee Potts,2
nm0861037,Kim Thomson,1
nm0694100,Drew Powell,2
nm0926086,Isiah Whitlock Jr.,2
nm0882054,Benny Urquidez,2
nm0137230,Len Cariou,2
nm0629425,Ray Nicholas,0
nm0556456,Tina Maskell,1
nm1208004,Paul Kasey,0
nm0183037,George Cottle,0
nm0573087,Thomas A. McMahon,0
nm1362415,Chris Carey,2
nm0004878,Kevin Dobson,2
nm1502654,Peter Conboy,2
nm2335221,Bernadette Lords,1
nm3316483,Rob McGillivray,0
nm0005532,Kate Walsh,1
nm0405632,Mikael Håfström,0
nm0338557,Matt Greenberg,2
nm0616735,Jake Myers,0
nm0225146,Lorenzo di Bonaventura,2
nm1089685,Vanessa Ferlito,1
nm0688624,Sydney Tamiia Poitier,1
nm1139632,Tracie Thoms,1
nm0480465,Jordan Ladd,1
nm0935541,Mary Elizabeth Winstead,1
nm0963201,Helen Kim,0
nm1292612,Marcy Harriell,0
nm0821400,Monica Staggs,1
nm0124133,George W. Bush,2
nm0001051,Bill Clinton,2
nm0166921,Hillary Clinton,1
nm0000345,Billy Crystal,2
nm1713258,Meghan O'Hara,1
nm0949978,Rehya Young,0
nm0000147,Colin Firth,2
nm0001426,Ben Kingsley,2
nm0706787,Aishwarya Rai Bachchan,1
nm0611932,Peter Mullan,2
nm0001314,John Hannah,2
nm0322513,Iain Glen,2
nm1670029,Rupert Friend,2
nm1996829,Nonso Anozie,2
nm0853583,Owen Teale,2
nm0796502,Alexander Siddig,2
nm0700059,Robert Pugh,2
nm0181920,James Cosmo,2
nm0002246,Harry Van Gorkum,2
nm0564133,Murray McArthur,2
nm0498991,Doug Lefler,0
nm0069893,Tarak Ben Ammar,2
nm0209581,Raffaella De Laurentiis,1
nm0209569,Dino De Laurentiis,2
nm0776646,Martha De Laurentiis,1
nm0001774,Ben Stiller,2
nm0000106,Drew Barrymore,1
nm1169742,Eileen Essell,1
nm0005520,Amber Valletta,1
nm0857620,Justin Theroux,2
nm0001436,Swoosie Kurtz,1
nm0864490,Jackie Sandler,1
nm0001213,Harvey Fierstein,2
nm0001664,James Remar,2
nm0936298,Robert Wisdom,2
nm0748973,Maya Rudolph,1
nm0236311,Christopher Doyle,2
nm0534380,Tim Maculan,2
nm0456454,Christina Kirk,1
nm0357453,John Hamburg,2
nm0001280,Jenette Goldstein,1
nm0400625,Geraldine Hughes,1
nm4037793,Joey Banks,0
nm0910145,Tracey Walter,2
nm0472891,Michelle Krusiec,1
nm0674229,Philip Perlman,2
nm0000362,Danny DeVito,2
nm0236421,Larry Doyle,2
nm0180366,Stuart Cornfeld,2
nm0469553,Jeremy Kramer,0
nm0000164,Anthony Hopkins,2
nm0000438,Ed Harris,2
nm0000641,Gary Sinise,2
nm0589505,Wentworth Miller,2
nm0057150,Jacinda Barrett,1
nm0502015,Harry Lennix,2
nm0163988,Clark Gregg,2
nm0807332,Anna Deavere Smith,1
nm0593541,Lizan Mitchell,0
nm0628233,Phyllis Newman,1
nm0913488,Kerry Washington,1
nm0133474,Ron Canada,2
nm0000815,Mili Avital,1
nm0087245,Danny Blanco Hall,2
nm1470268,Marie Michel,1
nm0240043,Anne Dudek,1
nm0476906,Mimi Kuzyk,1
nm0278125,John Finn,2
nm0675114,Jeff Perry,2
nm0811541,Rick Snyder,2
nm0831812,Danny Stone,0
nm0214501,Vito DeFilippo,2
nm0383280,Robert Higden,2
nm0903985,Vlasta Vrána,2
nm0746442,Bill Rowat,0
nm0751720,Richard Russo,0
nm1470260,Stella Arroyave,1
nm0073084,Jude Beny,0
nm0127362,John Cenatiempo,2
nm1013513,Lydia Zadel,1
nm0004067,Russell Yuen,2
nm1470334,Kate Whitney,0
nm1470330,Jessica Schulte,0
nm0696559,Philip Pretten,2
nm0000914,Robert Benton,2
nm0583292,Nicholas Meyer,2
nm0102508,Ronald M. Bozman,2
nm1103398,Steve Hutensky,0
nm0443486,Eberhard Kayser,0
nm0482764,Andre Lamal,2
nm0524342,Gary Lucchesi,2
nm0645164,Michael Ohoven,2
nm0742347,Tom Rosenberg,2
nm0777408,Rick Schwartz,2
nm0005110,Ashton Kutcher,2
nm0005346,Tara Reid,1
nm0725200,Andy Richter,2
nm0009016,Jon Abrahams,2
nm0462712,David Koechner,2
nm0001182,Carmen Electra,1
nm0788340,Molly Shannon,1
nm0511478,Betty Linde,0
nm1124997,John Jacobs,2
nm0000104,Antonio Banderas,2
nm0001303,Carla Gugino,1
nm0000161,Salma Hayek,1
nm0001544,Ricardo Montalban,2
nm0852466,Holland Taylor,1
nm0431918,Mike Judge,2
nm0641610,Matt O'Leary,2
nm0652089,Emily Osment,1
nm1331735,Ryan Pinkston,0
nm0900053,Robert Vito,2
nm0002810,Bobby Edner,2
nm0423111,Courtney Jines,1
nm0001086,Alan Cumming,2
nm0000200,Bill Paxton,2
nm0000704,Elijah Wood,2
nm1411125,Selena Gomez,1
nm0754513,Evan Sabara,0
nm0155166,Camille Chen,1
nm0549682,Peter Marquardt,2
nm1412815,James Paxton,2
nm0000215,Susan Sarandon,1
nm0222593,Aidan Devine,2
nm0532068,Cynthia Mace,1
nm0192056,Steve Cumyn,2
nm0549603,Carl Marotte,2
nm0637992,Paulino Nunes,2
nm0954891,Kathryn Zenna,0
nm0006854,Roger Spottiswoode,2
nm0005377,Sam Rockwell,2
nm0000442,Rutger Hauer,2
nm0000354,Matt Damon,2
nm0005545,Jerry Weintraub,2
nm0350454,Maggie Gyllenhaal,1
nm0258117,Michael Ensign,0
nm0355711,Jennifer Hall,1
nm1014989,David Julian Hirsh,2
nm0498956,Rachelle Lefevre,1
nm0876003,Sean Tucker,2
nm0253833,Ilona Elkin,0
nm0020739,Krista Allen,1
nm0604736,Jaye P. Morgan,0
nm0163863,Dick Clark,2
nm0798014,Anna Silk,1
nm0454236,Richard Kind,2
nm0011374,Steve Adams,2
nm1210944,Linda Tomassone,0
nm0442109,Charlie Kaufman,2
nm0493662,Andrew Lazar,2
nm0712444,Rand Ravich,2
nm0330335,Jonathan Gordon,2
nm0263236,Stephen Evans,2
nm0001752,Steven Soderbergh,2
nm0001876,Catherine Zeta-Jones,1
nm0000250,Renée Zellweger,1
nm0001451,Queen Latifah,1
nm0000152,Richard Gere,2
nm0004724,Christine Baranski,1
nm0004875,Taye Diggs,2
nm0766762,Cliff Saunders,2
nm0922035,Dominic West,2
nm0272173,Colm Feore,2
nm0729234,Chita Rivera,1
nm0592874,Susan Misner,1
nm0269658,Denise Faye,1
nm1129963,Deidre Goodwin,1
nm0616550,Mýa,1
nm0770704,Ekaterina Chtchelkanova,1
nm0005154,Lucy Liu,1
nm0926439,Jonathan Whittaker,0
nm0564921,Sean McCann,2
nm0247720,Jayne Eastwood,1
nm0603417,Marty Moreau,2
nm0483325,Vicky Lambert,0
nm0648874,Cynthia Onrubia,1
nm0724237,Martin Richards,2
nm0174374,Bill Condon,2
nm0002080,Bob Fosse,0
nm0000138,Leonardo DiCaprio,2
nm0000139,Cameron Diaz,1
nm0000553,Liam Neeson,2
nm0322407,Brendan Gleeson,2
nm0004355,Roger Ashton-Griffiths,2
nm0376101,David Hemmings,2
nm0319142,Lawrence Gilliard Jr.,2
nm0126250,Michael Byrne,2
nm0507207,Gary Lewis,2
nm0001794,Henry Thomas,0
nm0099054,Barbara Bouchet,1
nm0218712,Brendan Dempsey,2
nm0058867,Nick Bartlett,2
nm0270393,Flaminia Fegarotti,1
nm0334318,Stephen Graham,2
nm0550371,Eddie Marsan,2
nm0566680,Alec McCowen,2
nm0786806,Cara Seymour,1
nm0012683,Rab Affleck,2
nm0683116,Tim Pigott-Smith,2
nm0318409,Sean Gilder,2
nm0051394,David Bamber,2
nm1275283,Lucy Davenport,1
nm0785938,John Sessions,2
nm0687081,Angela Pleasence,1
nm0000217,Martin Scorsese,2
nm0168379,Jay Cocks,2
nm0518836,Kenneth Lonergan,2
nm0342129,Maurizio Grimaldi,0
nm0369592,Michael Hausman,2
nm1289898,Michael Ovitz,2
nm0948833,Rick Yorn,2
nm0717518,Joseph P. Reidy,2
nm0268923,Laura Fattori,1
nm0342090,Alberto Grimaldi,2
nm0454752,Graham King,2
nm2155388,Barbara Phillips Marco,0
nm0883267,Colin Vaines,0
nm0004423,Gerry Robert Byrne,2
nm0000288,Christian Bale,2
nm0001833,Emily Watson,0
nm0005171,Angus Macfadyen,2
nm0000293,Sean Bean,2
nm0700712,Dominic Purcell,2
nm0434968,Christian Kahrmann,0
nm0675730,Sean Pertwee,2
nm0001209,William Fichtner,2
nm1013098,John Keogh,2
nm1284948,David Barrash,0
nm0551678,Dirk Martens,2
nm0361959,Matthew Harbour,2
nm0131032,Maria Pia Calzone,0
nm1285533,Emily Siewert,0
nm0280117,Florian Fitz,2
nm0174760,Brian Conley,2
nm0851458,Anatole Taubman,2
nm0934483,Kurt Wimmer,2
nm0000957,Jan de Bont,2
nm0287946,Lucas Foster,2
nm0005212,Ian McKellen,2
nm0000239,Liv Tyler,1
nm0089217,Orlando Bloom,2
nm0722636,John Rhys-Davies,2
nm0000489,Christopher Lee,2
nm0000276,Sean Astin,2
nm0101710,Billy Boyd,2
nm0597480,Dominic Monaghan,2
nm0785227,Andy Serkis,2
nm0915989,Hugo Weaving,2
nm0662164,Craig Parker,2
nm0384060,Bernard Hill,2
nm0001584,Miranda Otto,1
nm0881631,Karl Urban,2
nm0855092,Olivia Tennet,1
nm0112400,Jed Brophy,0
nm1275727,Calum Gittins,0
nm0045324,John Bach,2
nm0535741,Robbie Magasiva,2
nm0633604,John Noble,0
nm0539137,Robyn Malcolm,1
nm0680274,Bruce Phillips,0
nm0881831,Stephen Ure,0
nm0498731,Nathaniel Lees,2
nm0394126,Bruce Hopkins,0
nm0500237,John Leigh,2
nm0001392,Peter Jackson,2
nm0651614,Barrie M. Osborne,2
nm0951763,Saul Zaentz,2
nm0649507,Mark Ordesky,2
nm1088153,Michael Lynne,2
nm0909638,Fran Walsh,1
nm0101991,Philippa Boyens,1
nm0001670,Natasha Richardson,1
nm0000234,Charlize Theron,1
nm0000664,Patrick Swayze,2
nm0651660,Holmes Osborne,2
nm0743304,Chelcie Ross,2
nm0103655,Jordan Brady,2
nm0205127,Matthew Davis,2
nm0931404,Olivia Williams,1
nm0004930,Scott Foley,2
nm0564697,Holt McCallany,2
nm0157915,Nick Chinlund,2
nm0002076,Jason Flemyng,2
nm0397110,Andrew Howard,2
nm0265457,Christopher Fairbank,2
nm0500614,Matthew Leitch,2
nm0366977,Jonathan Hartman,0
nm0878638,David Twohy,0
nm0839938,Lucas Sussman,2
nm0004716,Darren Aronofsky,2
nm0046020,Sue Baden-Powell,1
nm0739868,Andrew Rona,2
nm0914615,Eric Watson,2
nm0001593,Anna Paquin,1
nm0316284,Giancarlo Giannini,2
nm0555093,Fele Martínez,2
nm0960869,Stephan Enquist,0
nm0718704,Fermí Reixach,0
nm0049371,Jaume Balagueró,2
nm0208340,Fernando de Felipe,2
nm0273429,Carlos Fernández,2
nm0273327,Julio Fernández,2
nm0522160,Guy J. Louthan,2
nm0951206,Brian Yuzna,2
nm0597410,Taylor Momsen,1
nm0240113,Dale Dudley,0
nm0370796,Ron Hayden,0
nm0487278,Angela Lanza,0
nm0000141,David Duchovny,2
nm0441588,Nicky Katt,2
nm0001416,Catherine Keener,1
nm0001383,David Hyde Pierce,2
nm0005516,Blair Underwood,2
nm0005064,January Jones,1
nm0644897,Sandra Oh,1
nm0005388,Brad Rowe,2
nm0307531,Jeff Garlin,2
nm0170186,Enrico Colantoni,2
nm0000399,David Fincher,2
nm0414423,Gregory Jacobs,2
nm0469660,Scott Kramer,2
nm0000130,Jamie Lee Curtis,1
nm0520562,Brad Loree,2
nm0005354,Busta Rhymes,2
nm0435323,Bianca Kajlich,1
nm0755267,Katee Sackhoff,1
nm0005272,Thomas Ian Nicholas,2
nm0004723,Tyra Banks,1
nm0859503,Sean Patrick Thomas,2
nm0581365,Ryan Merriman,0
nm0566869,Daisy McCrackin,1
nm0456186,Luke Kirby,2
nm0443004,Billy Kay,2
nm0528311,Gus Lynch,2
nm0301874,Lorena Gale,1
nm0748755,Marisa Rudiak,0
nm0423637,Dan Joffre,2
nm0840096,Haig Sutherland,0
nm0797638,Brad Sihvon,0
nm1211347,Kelly Nielson,0
nm0876683,Gary J. Tunnicliffe,2
nm1222820,Ryan McDonald,0
nm1209226,Charisse Baker,0
nm0853573,Natassia Malthe,1
nm0479526,Kyle Labine,2
nm0742819,Rick Rosenthal,0
nm0507082,David Lewis,2
nm0249886,Chris Edwards,0
nm1211326,Michael McCartney,0
nm1211609,Ananda Thorson,0
nm0104487,Larry Brand,2
nm0002160,Moustapha Akkad,2
nm0000610,Giovanni Ribisi,2
nm0320969,Remo Girone,2
nm0733625,Stefania Rocca,1
nm0818281,Alessandro Sperduti,0
nm0768641,Mattia Sbragia,2
nm0764318,Stefano Santospago,0
nm0224325,Alberto Di Stasio,0
nm0895477,Giovanni Vettorazzo,0
nm0056593,Gianfranco Barra,2
nm0725664,Vincent Riotta,2
nm0878756,Tom Tykwer,2
nm0036155,Stefan Arndt,2
nm0394564,William Horberg,2
nm0682830,Krzysztof Piesiewicz,2
nm0001425,Krzysztof Kieślowski,2
nm0859476,Rufus Thomas,2
nm0681920,Wilson Pickett,2
nm0933836,Mary Wilson,1
nm0601844,Sam Moore,2
nm0124974,Jerry Butler,2
nm2000631,Jaye Michael Davis,0
nm2000856,Don Bryant,0
nm0409005,Luther Ingram,0
nm0373698,Chris Hegedus,1
nm0672060,D.A. Pennebaker,2
nm1132283,Roger Friedman,2
nm0000228,Kevin Spacey,2
nm0000194,Julianne Moore,1
nm0000592,Pete Postlethwaite,2
nm0001277,Scott Glenn,2
nm0406975,Rhys Ifans,2
nm0684521,Gordon Pinsent,2
nm0004736,Jason Behr,2
nm0595485,Katherine Moennig,1
nm0683978,Larry Pine,2
nm0036261,Jeannetta Arnette,1
nm0002120,Lasse Hallström,2
nm0414608,Robert Nelson Jacobs,2
nm0326150,Linda Goldstein Knowlton,0
nm0343222,David Gropman,2
nm0005563,Irwin Winkler,2
nm0390970,Leslie Holleran,1
nm0934362,Penelope Wilton,1
nm0922335,Samuel West,2
nm0922367,Timothy West,2
nm0550994,Kris Marshall,2
nm0041411,Juliet Aubrey,1
nm0404332,Derek Hutchinson,2
nm1097354,Juliet Howland,0
nm0007154,Stephen Marcus,2
nm0572965,Pauline McLynn,1
nm0264236,Richard Eyre,2
nm0289221,Robert Fox,2
nm0939606,Charles Wood,0
nm0000212,Meg Ryan,1
nm0413168,Hugh Jackman,2
nm0000630,Liev Schreiber,2
nm0005227,Breckin Meyer,2
nm0005169,Natasha Lyonne,1
nm0925966,Bradley Whitford,2
nm0925717,Paxton Whitehead,2
nm0336960,Spalding Gray,2
nm0821817,Josh Stamberg,2
nm0697069,Matthew Sussman,2
nm0043662,Charlotte Ayanna,1
nm0097842,Philip Bosco,2
nm0413087,Andrew Jack,2
nm0870560,Stan Tracy,0
nm1102891,Kristen Schaal,0
nm0205626,Viola Davis,1
nm0003506,James Mangold,2
nm0737216,Steven Rogers,2
nm0465298,Cathy Konrad,1
nm0000453,Ian Holm,2
nm0538692,Lawrence Makoare,2
nm1019674,Sala Baker,2
nm0572867,Sarah McLeod,1
nm0397102,Alan Howard,2
nm0032370,Noel Appleby,0
nm1104283,Megan Edwards,0
nm0272527,Mark Ferguson,2
nm0000656,Madeleine Stowe,1
nm0001616,Mekhi Phifer,2
nm0000352,Vincent D'Onofrio,2
nm0347375,Tim Guinee,2
nm0235427,Gary Dourdan,2
nm0587431,Ivana Miličević,1
nm0120235,Burt Bulos,2
nm0143187,Caroline Case,0
nm0472567,Ehren Kruger,2
nm0441794,Marty Katz,2
nm0526917,Daniel Lupi,2
nm0001219,Gary Fleder,2
nm0000255,Ben Affleck,2
nm0641168,Brian O'Halloran,2
nm0002436,Shannon Elizabeth,1
nm0244630,Eliza Dushku,1
nm0005123,Ali Larter,1
nm0002071,Will Ferrell,2
nm0005134,Jason Lee,2
nm0000555,Judd Nelson,2
nm0137506,George Carlin,2
nm0829537,Jon Stewart,2
nm0000434,Mark Hamill,2
nm0000725,Joey Lauren Adams,1
nm0001814,Gus Van Sant,2
nm0001147,Shannen Doherty,1
nm0000127,Wes Craven,2
nm0001674,Chris Rock,2
nm0703315,Joe Quesada,0
nm0808410,Harley Quinn Smith,1
nm0206528,Morris Day,2
nm0205657,William B. Davis,2
nm0089456,Marc Blucas,2
nm0155562,Ekin Cheng,2
nm0465503,Louis Koo,2
nm0156444,Cecilia Cheung,0
nm0510914,Kelly Lin,1
nm0955471,Zhang Ziyi,1
nm0943104,Wu Jing,2
nm0005033,Sammo Hung,2
nm0490614,Lau Shun,0
nm0848377,Patrick Tam,2
nm0007139,Tsui Hark,2
nm0001172,Christopher Eccleston,2
nm0542635,Alakina Mann,1
nm0972848,James Bentley,2
nm0843059,Eric Sykes,2
nm0144187,Elaine Cassidy,1
nm0038914,Renée Asherson,0
nm0020717,Keith Allen,2
nm0265610,Michelle Fairley,1
nm1019987,Alexander Vince,2
nm0717276,Gordon Reid,2
nm0530341,Ricardo López,0
nm0001217,Fionnula Flanagan,1
nm0191109,José Luis Cuerda,2
nm0839331,Sunmin Park,0
nm0000129,Tom Cruise,2
nm0906048,Paula Wagner,1
nm0004797,Bruno Campos,2
nm0466579,Alix Koromzay,1
nm0261678,Will Estes,2
nm0001902,Edward Albert,2
nm0524136,Gaven E. Lucas,0
nm0641389,Jim O'Heir,2
nm0211523,Jean de Segonzac,2
nm0129238,Beth Anne Calabro-Oulman,0
nm0334665,Cary Granat,2
nm1026767,Mike Leahy,0
nm0267506,Anna Faris,1
nm0356021,Regina Hall,1
nm0915465,Shawn Wayans,2
nm0005541,Marlon Wayans,2
nm0557733,Christopher Masterson,2
nm0005370,Kathleen Robertson,1
nm0189144,David Cross,2
nm0000249,James Woods,2
nm0000347,Tim Curry,2
nm0001760,Tori Spelling,1
nm0254402,Chris Elliott,2
nm0596959,Richard Moll,2
nm0001021,Veronica Cartwright,1
nm0004867,James DeBello,2
nm1004025,Beetlejuice,0
nm0004923,Vitamin C,1
nm0005540,Keenen Ivory Wayans,2
nm1010379,Alyson Fouse,1
nm0333240,Greg Grabianski,2
nm0811360,Michael Anthony Snowden,2
nm0915460,Craig Wayans,2
nm0324970,Eric L. Gold,2
nm0777910,Peter Schwerin,2
nm0922919,Brad Weston,2
nm0689844,Dave Polsky,2
nm0002663,Diane Ladd,1
nm0000593,Kelly Preston,1
nm0341431,Andy Griffith,2
nm0780428,Sandra Seacat,1
nm0697789,John Prine,2
nm0001815,Jim Varney,2
nm0004735,James Van Der Beek,2
nm0000337,Rachael Leigh Cook,1
nm0001518,Dylan McDermott,2
nm0000643,Tom Skerritt,2
nm0871430,Randy Travis,2
nm0551462,Brian Martell,0
nm0000547,Alfred Molina,2
nm0607930,Billy Morton,0
nm0627714,Kate Newby,0
nm0001598,Robert Patrick,2
nm0584352,Gordon Michaels,2
nm0719860,Joe Renteria,2
nm0425053,Eric Johnson,2
nm0591171,Steve Miner,2
nm0123913,Scott Busby,2
nm0178638,Martin Copeland,2
nm0000159,Teri Hatcher,1
nm0000500,Richard Linklater,2
nm0622897,Guillermo Navarro,2
nm0790339,Shannon Shea,0
nm0124930,Gerard Butler,2
nm0001538,Jonny Lee Miller,2
nm0905311,Justine Waddell,1
nm0261170,Jennifer Esposito,1
nm0004898,Omar Epps,2
nm0922342,Shane West,2
nm0005194,Danny Masterson,2
nm0277213,Nathan Fillion,2
nm0005394,Jeri Ryan,1
nm0613147,Lochlyn Munro,2
nm0096176,W.K. Border,0
nm0527261,Patrick Lussier,0
nm0000300,Juliette Binoche,1
nm0000136,Johnny Depp,2
nm0001989,Leslie Caron,1
nm0005251,Carrie-Anne Moss,1
nm0661311,Aurelien Parent Koenig,0
nm0939795,John Wood,2
nm0317884,Antonio Gil,0
nm0640560,Hugh O'Conor,2
nm0858284,Victoire Thivisol,1
nm0174983,Gaelan Connell,2
nm0173868,Elisabeth Commelin,0
nm0177267,Ron Cook,2
nm0322486,Michèle Gleizer,1
nm0695461,Harrison Pratt,0
nm0088971,Alan C. Blomquist,2
nm0113360,David Brown,2
nm0178243,Mark Cooper,0
nm0325455,Kit Golden,0
nm0692921,Meryl Poster,1
nm0364862,Joanne Harris,1
nm0000569,Gwyneth Paltrow,1
nm0608012,Joe Morton,2
nm0000449,Natasha Henstridge,1
nm0001282,Tony Goldwyn,2
nm0000426,Jennifer Grey,1
nm0301959,Johnny Galecki,2
nm0000715,Caroline Aaron,1
nm0513281,Alex D. Linz,2
nm0233562,David Dorfman,2
nm0249962,Edward Edwards,2
nm0132610,Julia Campbell,1
nm0820574,David St. James,2
nm0001601,David Paymer,2
nm0306240,Juan García,2
nm0740400,Don Roos,2
nm0326512,Steve Golin,2
nm0000899,Monica Bellucci,1
nm0837868,Giuseppe Sulfaro,2
nm0681218,Matilde Piana,1
nm0636537,Pietro Notarianni,2
nm0036907,Gaetano Aronica,2
nm0224004,Gabriella Di Luzio,1
nm0671010,Angelo Pellegrino,2
nm0655157,Paola Pace,0
nm0765006,Lucia Sardo,0
nm0703002,Aurora Quattrocchi,0
nm0616236,Claudia Muzi,1
nm0321420,Ornella Giusto,1
nm0700118,Conchita Puglisi,0
nm0406911,Gilberto Idonea,2
nm0666060,Giuseppe Pattavina,2
nm0312908,Domenico Gennaro,2
nm0699110,Pippo Provvidenti,0
nm0855773,Maria Terranova,1
nm0145830,Marcello Catalano,2
nm0608133,Elisa Morucci,0
nm0145816,Franco Catalano,2
nm0034241,Daniele Arena,0
nm0514425,Giovanni Litrico,0
nm0345439,Gianluca Guarrera,0
nm0104178,Michel Daniel Bramanti,0
nm0096613,Salvatore Borghese,2
nm0347843,Emanuele Gullotto,0
nm0868153,Giuseppe Tornatore,0
nm0898812,Luciano Vincenzoni,0
nm0001729,Craig Sheffer,2
nm0878155,Nicholas Turturro,2
nm0103208,Doug Bradley,2
nm0755556,Nicholas Sadler,2
nm0263102,Noelle Evans,1
nm0852780,Lindsay Taylor,1
nm0313530,Matt George,0
nm0928795,Michael Shamus Wiles,2
nm0056936,Sasha Barrese,1
nm0429760,Kathryn Joosten,1
nm0034492,Carmen Argenziano,2
nm0220600,Scott Derrickson,2
nm0229422,DMX,2
nm0541218,Method Man,2
nm0714983,Redman,2
nm0797421,Beanie Sigel,2
nm0750019,Ja Rule,2
nm0085430,Memphis Bleek,2
nm0167308,DJ Clue,0
nm0024893,Amil,0
nm2325735,Chris Fiore,0
nm0000483,Christopher Lambert,2
nm0668271,Bruce Payne,2
nm0001600,Adrian Paul,2
nm0053887,Lisa Barbuscia,1
nm0249622,Beatie Edney,1
nm0007439,Douglas Aarniokoski,2
nm0205287,Peter S. Davis,2
nm0659949,William N. Panzer,2
nm0792156,Dave Sheridan,2
nm0652783,Cheri Oteri,1
nm0935441,Marissa Jaret Winokur,1
nm0298281,Kurt Fuller,2
nm0424688,Buddy Johnson,2
nm0064556,Phil Beauman,2
nm0294997,Jason Friedberg,2
nm0783536,Aaron Seltzer,2
nm0562598,Lee R. Mayes,2
nm0340522,Brad Grey,2
nm0755911,Peter Safran,2
nm0954848,Bo Zenga,2
nm0005327,Freddie Prinze Jr.,2
nm0001231,Claire Forlani,1
nm0004755,Jason Biggs,2
nm0221902,Amanda Detmer,1
nm0004989,Alyson Hannigan,1
nm0057075,Brendon Ryan Barrett,2
nm0858858,Gay Thomas-Wilson,0
nm0064375,Raquel Beaudene,1
nm0793171,Blake Shields,2
nm0423586,Tsianina Joelson,1
nm0138509,Matt Carmody,2
nm0231946,Heather Donahue,1
nm0385076,Richard Hillman,0
nm0341377,Tim Griffin,2
nm0699243,Timi Prulhiere,1
nm0751966,Eric Rutherford,0
nm0776580,Matt Schulze,2
nm0644870,Angela Oh,1
nm0693090,Brian Poth,2
nm0717131,Mimi Rose,1
nm0180848,David Correia,2
nm0002059,Lisa Eichhorn,1
nm0818514,Barbara Spiegel,1
nm0004727,Kylie Bax,1
nm0386087,Kristy Hinze,1
nm0729471,Ines Rivero,1
nm0445825,Susan Kellermann,1
nm0030836,Bryan Anthony,0
nm0044472,Sybil Azur,0
nm0408336,Carrie Ann Inaba,1
nm0594601,Diane Mizota,1
nm0608931,Chris Moss,0
nm0641851,Nancy O'Meara,1
nm0680855,Tracy Phillips,1
nm0790714,Kelleia Sheerin,1
nm0940342,Zachary Woodlee,0
nm0950403,Jason Yribar,0
nm0191747,Sabrina Culver,1
nm1795196,Mike DiGiacinto,0
nm1026414,Dayna Price,1
nm0410769,Robert Iscove,2
nm0332069,Lee Gottsegen,0
nm1530021,Jay Cohen,2
nm0587884,Andrew Miller,2
nm0523198,Andrew Lowery,0
nm0582108,Jill Sobel Messick,1
nm0772003,Murray Schisgal,0
nm0001667,Jonathan Rhys Meyers,2
nm0005216,Janet McTeer,1
nm0001057,Toni Collette,1
nm0412850,Eddie Izzard,2
nm0941056,Emily Woof,1
nm0269923,Michael Feast,2
nm0447330,Lindsay Kemp,0
nm0441047,Ganiat Kasumu,0
nm5499902,Lee Mark Jones,0
nm0202862,David Hoyle,2
nm0000232,Sharon Stone,1
nm0711805,Elden Henson,2
nm0001085,Kieran Culkin,0
nm0001687,Gena Rowlands,1
nm0001765,Harry Dean Stanton,2
nm0001533,Meat Loaf,2
nm0507338,Jenifer Lewis,1
nm0001254,James Gandolfini,2
nm0000096,Gillian Anderson,1
nm0155093,Peter Chelsom,2
nm0679917,Rodman Philbrick,0
nm0001223,Lara Flynn Boyle,1
nm0001710,David Schwimmer,2
nm0806217,Joey Slotnick,2
nm0341737,Rachel Griffiths,1
nm0931781,Temple Williams,0
nm0242226,Christine Dunford,1
nm0948272,Malik Yoba,2
nm0211726,Melissa De Sousa,1
nm0936762,John Witherspoon,2
nm0823507,Fredro Starr,2
nm0147825,Cedric the Entertainer,2
nm0791381,Millicent Shelton,1
nm0399737,Reginald Hudlin,2
nm0399738,Warrington Hudlin,0
nm0001459,Denis Leary,2
nm0189200,Joseph Cross,2
nm0005280,Rosie O'Donnell,0
nm0001127,Dana Delany,1
nm0717562,Timothy Reifsnyder,0
nm0005179,Camryn Manheim,1
nm0005466,Julia Stiles,1
nm0491357,Dan Lauria,2
nm0796117,M. Night Shyamalan,2
nm0940531,Cary Woods,2
nm0005450,David Spade,2
nm0000498,Matthew Lillard,2
nm0001800,Rip Torn,2
nm0853231,Tamara Taylor,1
nm0258627,Greg Erb,2
nm0138502,Don Carmody,2
nm0387674,David Hoberman,2
nm0790715,Penelope Spheeris,0
nm0000564,Peter O'Toole,2
nm0324790,Joanna Going,1
nm0694066,Clifton Powell,2
nm0653293,Rick Otto,0
nm0159513,Valerie Chow,0
nm0625126,Adam Nelson,2
nm0358610,John Hammil,2
nm0167175,John Scott Clough,2
nm0217716,Michael DeLorenzo,2
nm0385376,Robert Himber,2
nm0005019,Bo Hopkins,2
nm0460694,Robert Knepper,2
nm0773146,Paul Schmidt,0
nm0356698,Dean Hallo,2
nm0742610,Clive Rosengren,0
nm0944137,Edmund Wyson,0
nm0248063,Lucas Elliot Eberl,2
nm0001643,Linnea Quigley,1
nm0236946,Judith Drake,1
nm0621046,Yvette Nipar,1
nm0465588,Dean R. Koontz,2
nm0152640,Joe Chappelle,2
nm0005300,Allen Payne,2
nm0280245,Glenn Fitzgerald,2
nm0001375,Kim Hunter,1
nm0709907,John Randolph,2
nm0414907,Peter Jacobson,2
nm0004908,Edie Falco,1
nm0836121,Michael Stuhlbarg,2
nm0387395,Ching Hoh-Wai,1
nm0945026,Boaz Yakin,2
nm0000686,Christopher Walken,2
nm0000884,Jennifer Beals,1
nm0005261,Brittany Murphy,1
nm0000616,Eric Roberts,2
nm0200752,Glenn Danzig,2
nm0005568,Russell Wong,2
nm0405337,Steve Hytner,2
nm0007940,Bruce Abbott,2
nm0896149,Renée Victor,1
nm0219324,Elizabeth Dennehy,1
nm0256121,Ethan Embry,2
nm0817770,Greg Spence,2
nm0514655,Robert Little,2
nm0927074,Gregory Widen,2
nm0143935,Desiree Casado,0
nm0330917,Mel Gorham,1
nm0001457,James Le Gros,2
nm2381447,Andrew Marks,0
nm0661775,Adam Park,2
nm0000274,David Arquette,2
nm0000117,Neve Campbell,1
nm0001073,Courteney Cox,1
nm0001264,Sarah Michelle Gellar,1
nm0005085,Jamie Kennedy,0
nm0582418,Laurie Metcalf,1
nm0005264,Elise Neal,1
nm0005278,Jerry O'Connell,2
nm0648249,Timothy Olyphant,2
nm0000586,Jada Pinkett Smith,1
nm0000794,Lewis Arquette,2
nm0552222,Duane Martin,2
nm0001261,Rebecca Gayheart,1
nm0005577,Portia de Rossi,1
nm0001287,Heather Graham,1
nm0413996,Roger L. Jackson,0
nm0005045,Joshua Jackson,2
nm0629653,Marisol Nichols,1
nm0005561,Luke Wilson,2
nm0001831,David Warner,2
nm0004757,Selma Blair,1
nm0005687,Peter Deming,2
nm0343459,Molly Gross,1
nm0568777,Rebecca McFarland,1
nm0932078,Kevin Williamson,2
nm0665875,John Patrick,2
nm0794705,Craig Shoemaker,2
nm0291698,Walter Franks,0
nm0678113,Nina Petronzio,1
nm0510926,Lucy Lin,1
nm0667574,Philip Pavel,2
nm0640669,Nancy O'Dell,1
nm0788202,Adam Shankman,2
nm0281945,Anne Fletcher,1
nm0531821,Lance MacDonald,0
nm0037186,Daniel K. Arredondo,0
nm0256126,John Embry,0
nm0922974,Jennifer Weston,1
nm0416889,Rodney L. James,0
nm0662162,Corey Mendell Parker,0
nm1875808,Jason Trost,0
nm0809882,Sarah Christine Smith,1
nm0534543,Marianne Maddalena,1
nm0000427,Pam Grier,1
nm0001233,Robert Forster,2
nm0000403,Bridget Fonda,1
nm0100889,Michael Bowen,2
nm0000676,Chris Tucker,2
nm0004986,Lisa Gay Hamilton,0
nm0001474,Tom Lister Jr.,2
nm0333888,Aimee Graham,1
nm0024425,Tangie Ambrose,0
nm0881914,Diana Uribe,0
nm0570555,Elizabeth McInerney,1
nm0562802,Colleen Mayne,0
nm0522503,Laura Lovelace,0
nm0527991,Christine Lydon,0
nm0259964,Julia Ervin,0
nm0519041,Juliet Long,0
nm0078480,Michelle Berube,0
nm0108912,Candice Briese,0
nm0542760,Gary Mann,0
nm0214246,Jeffrey Deedrick,0
nm0626597,Roy Nesvold,0
nm0932879,Herbert Hans Wilmsen,0
nm0935589,Hattie Winston,0
nm1371977,Mary Ann Schmidt,1
nm0723651,Glendon Rich,2
nm0930533,Ellis E. Williams,2
nm0000245,Robin Williams,2
nm0001745,Stellan Skarsgård,2
nm0000378,Minnie Driver,1
nm0000729,Casey Affleck,2
nm0369513,Cole Hauser,2
nm0585906,John Mighton,0
nm0538259,Rachel Majorowski,0
nm0565494,Colleen McCauley,0
nm0580436,Matt Mercier,0
nm0820538,Ralph St. George,0
nm0528546,Rob Lynds,0
nm0913418,Dan Washington,0
nm0284315,Alison Folland,1
nm0108683,Derrick Bridgeman,0
nm0006710,Vik Sahay,2
nm0251059,Shannon Egleson,0
nm0529147,Rob Lyons,0
nm0468967,Steven Kozlowski,2
nm0213246,Jennifer Deathe,0
nm0936001,Scott William Winters,0
nm0931477,Philip Williams,2
nm0640825,Patrick O'Donnell,0
nm0750764,Kevin Rushton,2
nm0283497,Jimmy Flynn,0
nm0134214,Joe Cannon,0
nm0558034,Ann Matacunas,0
nm0687321,George Plimpton,2
nm0166136,Francesco Clemente,2
nm3578142,Jessica Morton,0
nm0605414,Barna Moricz,2
nm0312396,Libby Geller,0
nm0493351,Chas Lawther,2
nm0280584,Richard Fitzpatrick,2
nm0620355,Frank Nakashima,2
nm0110167,Christopher Britton,2
nm0252138,David Eisner,2
nm0402742,Bruce Hunter,0
nm0848326,Robert Talvano,0
nm0021548,James Allodi,2
nm0037806,Michael Arthur,2
nm1338759,Riva Di Paola,1
nm2759735,Daniel Olsen,0
nm0363578,Christian Harmony,2
nm0005101,Harmony Korine,0
nm1340505,Thomas Lundy,2
nm0569289,Paul McGillicuddy,0
nm6119097,Stephen Trouskie,2
nm0035917,Su Armstrong,1
nm0000307,Helena Bonham Carter,1
nm0254362,Alison Elliott,1
nm0421105,Alex Jennings,2
nm0001648,Charlotte Rampling,1
nm0730070,Linus Roache,2
nm0812200,Iain Softley,2
nm0001650,Michael Rapaport,2
nm0001711,Annabella Sciorra,1
nm0621597,Arthur J. Nascarella,2
nm0817983,John Spencer,2
nm0000413,Janeane Garofalo,1
nm0001550,Cathy Moriarty,1
nm0898634,Frank Vincent,2
nm0129538,Paul Calderon,2
nm0001323,Deborah Harry,1
nm0802831,Tony Sirico,2
nm0231283,John Doman,2
nm0954225,Kevin Zegers,2
nm0538655,Wendy Makkena,1
nm0005052,Michael Jeter,2
nm0167850,Bill Cobbs,2
nm0281956,Brendan Fletcher,2
nm0115198,Norman Browning,2
nm0160452,Eric Christmas,2
nm0147083,Nicola Cavendish,1
nm0001747,Charles Martin Smith,2
nm0559444,Yōji Matsuda,0
nm0410942,Yuriko Ishida,1
nm0849100,Yūko Tanaka,0
nm0462006,Kaoru Kobayashi,2
nm0632761,Masahiko Nishimura,2
nm0436639,Tsunehiko Kamijô,2
nm0793585,Sumi Shimamoto,0
nm0913880,Tetsu Watanabe,0
nm1187058,Mitsuru Satô,0
nm0619403,Akira Nagoya,0
nm0594271,Akihiro Miwa,0
nm0605281,Mitsuko Mori,0
nm0605662,Hisaya Morishige,2
nm1232416,Takako Fuji,1
nm0594503,Hayao Miyazaki,2
nm0840699,Toshio Suzuki,2
nm2001426,Yutaka Narita,0
nm1576785,Seiichiro Ujiie,0
nm0865807,Yasuyoshi Tokuma,2
nm0000112,Pierce Brosnan,2
nm0289656,James Frain,2
nm0908116,Polly Walker,1
nm0001324,Ian Hart,2
nm0847261,William Takaku,2
nm0507073,Damian Lewis,2
nm0362738,Rod Hardy,2
nm0517465,Christopher Lofton,0
nm0944003,Tracy Keenan Wynn,0
nm0133459,Christopher Canaan,0
nm0356850,Robert Halmi Sr.,2
nm0438757,Njeri Karago,0
nm0004305,George T. Miller,0
nm0000227,Mira Sorvino,1
nm0000562,Jeremy Northam,2
nm0329422,Alexander Goodwin,2
nm0001165,Charles S. Dutton,2
nm0000719,F. Murray Abraham,2
nm0182184,James Costa,2
nm0056148,Javon Barnwell,0
nm0005342,Norman Reedus,2
nm0051910,Glenn Bang,0
nm0452308,James Kidnie,2
nm0427964,Doug Jones,2
nm0868219,Guillermo del Toro,2
nm0730422,Matthew Robbins,2
nm0097079,Ole Bornedal,2
nm0705205,B.J. Rack,0
nm0000576,Sean Penn,2
nm0000705,Robin Wright,1
nm0000237,John Travolta,2
nm0000529,Debi Mazar,1
nm0005503,Susan Traylor,1
nm0001024,Nick Cassavetes,2
nm0000111,Matthew Broderick,2
nm0001409,Tchéky Karyo,2
nm0822972,Maureen Stapleton,1
nm0086427,Nesbitt Blaisdell,2
nm0708910,Remak Ramsay,2
nm0929502,Lee Wilkof,2
nm0286759,Susan Forristal,1
nm0001162,Griffin Dunne,0
nm0628352,Robert F. Newmyer,0
nm0798711,Jeffrey Silver,2
nm0330565,Robert Gordon,2
nm0000099,Patricia Arquette,1
nm0334179,Lauren Graham,1
nm0152452,Lonny Chapman,2
nm0489436,Robert LaSardo,2
nm0643190,Michael Obel,0
nm0000240,Skeet Ulrich,2
nm0114868,W. Earl Brown,2
nm0924179,Joseph Whipp,2
nm0909384,Kevin Patrick Walls,2
nm0095673,David Booth,2
nm0372967,Lawrence Hecht,2
nm0564589,Frances Lee McCain,1
nm0001857,Henry Winkler,2
nm0000304,Linda Blair,1
nm0893872,Carlo Verdone,2
nm0314358,Claudia Gerini,1
nm0718566,Mino Reitano,0
nm0275138,Andréa Ferréol,1
nm0298553,Nuccia Fumo,1
nm0556188,Nello Mascia,1
nm0210533,Didier De Neck,2
nm0799196,Giuseppe Silvi,0
nm0147602,Rita Rusic,0
nm0147603,Vittorio Cecchi Gori,0
nm0000353,Willem Dafoe,2
nm0000554,Sam Neill,2
nm0001393,Irène Jacob,1
nm0001722,Rufus Sewell,2
nm0946179,Jean Yanne,2
nm0947930,Ho Yi,0
nm0665473,Bill Paterson,2
nm0545207,Graziano Marcelli,0
nm0423470,Hansi Jochmann,1
nm0001003,Simon Callow,2
nm0497876,Michael Lee,0
nm0536597,Leonard Maguire,2
nm1429476,Topan Setiadji,0
nm0672546,Mark Peploe,2
nm0001573,Catherine O'Hara,0
nm0001467,Jared Leto,2
nm0000207,Christina Ricci,1
nm0001653,Stephen Rea,2
nm0058029,Jason Barry,2
nm0607865,Emily Mortimer,1
nm0444096,David Keating,2
nm0905554,Julian Wadham,2
nm0383533,Torri Higginson,1
nm0001638,Jürgen Prochnow,2
nm0923610,Kevin Whately,2
nm0581378,Clive Merrison,2
nm0144875,Nino Castelnuovo,2
nm0744599,Hichem Rostom,2
nm0754125,Peter Rühring,0
nm0425132,Geordie Johnson,2
nm0720082,Liisa Repo-Martell,1
nm0183557,Raymond Coulthard,2
nm0924360,Philip Whitchurch,2
nm0605943,Roger Morlidge,2
nm0792348,Simon Sherlock,2
nm0771923,Sebastian Schipper,0
nm0542512,Sonia Mankaï,0
nm0877193,Rim Turkhi,0
nm0748993,Sebastian Rudolph,0
nm0067845,Sondos Belhassen,0
nm0874458,Gregor Truter,2
nm0587013,Salah Miled,0
nm0359093,Abdellatif Hamrouni,0
nm0907510,Amanda Walker,1
nm0272536,Matthew Ferguson,2
nm0806772,Anthony Smee,0
nm0743605,Lee Ross,2
nm0535582,Dominic Mafham,2
nm0339224,Scott Greenstein,2
nm0951762,Paul Zaentz,0
nm0028861,Steve E. Andrews,0
nm0001641,Vincent Pérez,0
nm0000477,Mia Kirshner,1
nm0006563,Iggy Pop,0
nm1444462,Richard Brooks,2
nm0870962,Thuy Trang,1
nm0144753,Vincent Castellanos,2
nm3191813,Eric Acosta,2
nm0244443,Ian Dury,2
nm0255130,Tracey Ellis,1
nm0005238,Beverley Mitchell,1
nm0807196,Aaron Thell Smith,0
nm0312297,Alan Gelfant,2
nm0220841,Shelly Desai,2
nm0743953,Kerry Rossall,2
nm0691194,Tim Pope,2
nm0333060,David S. Goyer,2
nm0131947,Alessandro Camon,2
nm0609184,Jeff Most,2
nm0696299,Edward R. Pressman,2
nm0000132,Claire Danes,1
nm0000179,Jude Law,2
nm0603402,Jeanne Moreau,1
nm0394119,Billy Hopkins,2
nm0000627,Greta Scacchi,1
nm0828980,Juliet Stevenson,1
nm0860724,Sophie Thompson,1
nm0370410,Denys Hawthorne,2
nm0492373,Phyllida Law,1
nm0126402,Kathleen Byron,1
nm0940105,Edward Woodall,0
nm0135682,Brian Capron,2
nm0923097,Karen Westwood,0
nm0185987,Rebecca Craig,0
nm0235889,Angela Down,1
nm0291599,John Franklyn-Robbins,2
nm0569790,Douglas McGrath,2
nm0353187,Steven Haft,2
nm0144025,Patrick Cassavetti,2
nm0001406,Carol Kane,1
nm0775087,Bitty Schram,1
nm0207203,Jean De Baer,1
nm0291830,Elizabeth Franz,1
nm0546797,Mark Margolis,2
nm0001347,Barbara Hershey,1
nm0050737,Edoardo Ballerini,2
nm0716257,Matt Reeves,2
nm0009190,J.J. Abrams,2
nm0000495,Téa Leoni,1
nm0001546,Mary Tyler Moore,1
nm0000257,Alan Alda,2
nm0001719,George Segal,2
nm0005499,Lily Tomlin,1
nm0420955,Richard Jenkins,2
nm0922927,Celia Weston,1
nm0446314,David Patrick Kelly,2
nm0634726,John Ford Noonan,2
nm0643289,Charlet Oberly,1
nm0197453,Nadia Dajani,1
nm0187199,Don Creech,2
nm0084562,Clarke Bittner,0
nm0467955,Tony Kruk,0
nm0177125,Jonathan Teague Cook,0
nm1684728,Steve Moreno,0
nm0205581,Tori Davis,0
nm0397599,Shawn Michael Howard,2
nm0811562,Suzanne Snyder,1
nm0751102,David O. Russell,2
nm0799003,Dean Silvers,0
nm0000369,Matt Dillon,2
nm0001272,Аннабет Гиш,1
nm0000452,Lauren Holly,1
nm0000459,Timothy Hutton,2
nm0898546,Pruitt Taylor Vince,2
nm0001611,Max Perlich,2
nm0000588,Martha Plimpton,1
nm0090321,Anne Bobby,1
nm0109175,Richard Bright,2
nm0780336,John Scurti,2
nm0029357,Frank Anello,2
nm0441845,Sarah Katz,1
nm0747855,Martin Ruben,2
nm0505760,Allison Levine,1
nm0123427,Earl R. Burt,2
nm0860813,Trent Nicholas Thompson,2
nm0709381,Nicole Ranallo,1
nm0479935,Joyce Lacey,1
nm0259010,Anne W. Erickson,1
nm0733492,Sterling Robson,2
nm0011749,Herbie Ade,0
nm0578335,Tammara Melloy,1
nm2018353,Lori J. Ness,1
nm1940736,Rachel Oliva,1
nm0786105,Tomas Settell,2
nm0001130,Ted Demme,2
nm0003298,Scott Rosenberg,2
nm0001250,Charlotte Gainsbourg,1
nm0000458,William Hurt,2
nm0687506,Joan Plowright,1
nm0461025,Nic Knight,0
nm0397520,Nicola Howard ,0
nm0333802,Sasha Graff,0
nm0789716,Fiona Shaw,1
nm0001036,Geraldine Chaplin,1
nm0740500,Amanda Root,1
nm0746560,Leanne Rowe,1
nm0913264,Richard Warwick,2
nm3175392,Judith Parker,0
nm0001874,Franco Zeffirelli,2
nm0925849,Hugh Whitemore,2
nm0000375,Robert Downey Jr.,2
nm0000424,Hugh Grant,2
nm0001519,Ian McDiarmid,2
nm0533920,Mary MacLeod,1
nm0743925,Willie Ross,2
nm0001355,Michael Hoffman,2
nm0072847,Mark Bentley,0
nm0000574,Jason Patric,2
nm0628601,Thandie Newton,1
nm0236952,Larry Drake,2
nm0001832,Sam Waterston,2
nm0531095,Eric Mabius,2
nm0943709,Sarah-Jane Wylde,0
nm0241090,John Duigan,2
nm0917059,Nick Wechsler,2
nm0000603,Vanessa Redgrave,1
nm0002081,Edward Fox,2
nm0885098,Alida Valli,0
nm0142025,Carlo Cartier,0
nm0309348,Alessandro Gassman,2
nm0084722,Natalia Bizzi,0
nm0410139,John Irvin,2
nm0000197,Jack Nicholson,2
nm0001556,David Morse,2
nm0001378,Anjelica Huston,1
nm0001453,Piper Laurie,1
nm0103071,Richard Bradford,2
nm0055733,Priscilla Barnes,1
nm0046412,David Baerwald,0
nm0005371,Robbie Robertson,2
nm0001698,John Savage,2
nm0001863,Kari Wuhrer,1
nm0912875,Jennifer Leigh Warren,1
nm0808917,Kellita Smith,1
nm0177893,Bobby Cooper,2
nm0606628,Jeff Morris,0
nm0026469,Buddy Anderson,0
nm0441688,Edward L. Katz,0
nm0899995,Joe Viterelli,2
nm0752527,Eileen Ryan,1
nm0410903,Ryo Ishibashi,2
nm0266828,Dennis Fanning,0
nm0186879,Lisa Crawford,0
nm0463583,Jay Koiwai,2
nm0319102,Elizabeth Gilliam,0
nm0752730,Michael Ryan,2
nm0752719,Matthew Ryan,2
nm0671984,Leo Penn,2
nm0020897,Penelope Allen,1
nm0764781,Richard C. Sarafian,0
nm0357464,David Hamburger,2
nm0001216,Tara Fitzgerald,1
nm0573862,Ian McNeice,2
nm0341558,Kenneth Griffith,2
nm0891047,Hugh Vaughan,0
nm0090030,Robert Blythe,0
nm0604669,Garfield Morgan,2
nm0657648,Lisa Palfrey,0
nm0730970,Dafydd Wyn Roberts,0
nm0930043,Anwen Williams,0
nm0262836,Howell Evans,2
nm0129022,Fraser Cains,0
nm0003355,Christopher Monger,2
nm0193501,Sarah Curtis,1
nm0537970,Scott Maitland,0
nm0765470,Paul Sarony,0
nm0382516,Sally Hibbin,1
nm0000412,Andy García,2
nm0638056,Bill Nunn,2
nm0001852,Treat Williams,2
nm0912001,Jack Warden,2
nm0000103,Fairuza Balk,1
nm0000270,Gabrielle Anwar,1
nm0630464,Michael Nicolosi,2
nm0872755,Sarah Trigger,1
nm0833635,David Stratton,2
nm0000189,Jenny McCarthy,1
